runId,profileKey,profile,refuse,seed,build,mode,outcome,dayReached,deathDay,deathScene,tSimSec,tRealSec,pressesTotal,careSelectPresses,qtePresses,qtePerfectRate,qteGreatRate,qteMissRate,fightPresses,fightHitRate,startCoin,finalCoin,coinEarnedTotal,coinSpentTotal,energyUsedTotal,energyLeftTotal,upgradesTotal,upgQte,upgEnergy,upgProgress,pointsSpent,pointsLeft,playerLevel,petDeaths,starveEvents,bigzDmgDealt,careSelect_gap,careSelect_ok,coinIn_daily,coinIn_merchant_sale,coinIn_toothless_reward,coinOut_shop_apple,coinOut_shop_tea,coinOut_shop_tonic,coinOut_upgrade,day,energyLeft_d1,energyLeft_d2,energyLeft_d3,energyLeft_d4,energyLeft_d5,energyUsed_d1,energyUsed_d2,energyUsed_d3,energyUsed_d4,energyUsed_d5,fightAtkG,fightAtkP,fightDmgDealt,fightDmgTaken,fightDodgeOk,fightMissHurt,fightMissPress,fightRounds,fightTooSlow,finalCleanAvg,finalHpSum,finalStomachAvg,merchantChoice,petDeaths_d2,petDeaths_d4,petDeaths_d5,petLvlMax,petsAliveFinal,petsFinal,playerExp,qteG_Clean,qteG_Feed,qteG_Heal,qteG_Train,qteM_Clean,qteM_Feed,qteM_Heal,qteM_Train,qteP_Clean,qteP_Feed,qteP_Heal,qteP_Train,t,toothlessWon,file
run_20261009_165746_perfect_1,perfect,perfect,0,1,dab9037,autoplay,to_be_continued,5,5,,200.178,3.325,166,12,120,0.825,0.175,0,34,0.971,150,5750,5600,,12,3,0,0,0,0,0,4,5,1,3,350,,12,400,5000,200,,,,,5,0,0,0,0,3,3,3,3,3,0,20,,482,120,13,1,1,20,5,0,0,0,sell,,,1,6,0,1,20,,,,21,,,,,,,,99,200.178,1,run_20261009_165746_perfect_1.jsonl
run_20261009_165746_perfect_2,perfect,perfect,0,2,dab9037,autoplay,to_be_continued,5,5,,199.712,3.325,167,12,120,0.867,0.133,0,35,1,150,5750,5600,,12,3,0,0,0,0,0,4,5,1,3,375,,12,400,5000,200,,,,,5,0,0,0,0,3,3,3,3,3,0,21,,507,120,14,,,21,6,0,0,0,sell,,,1,6,0,1,20,,,,16,,,,,,,,104,199.712,1,run_20261009_165746_perfect_2.jsonl
run_20261009_165746_perfect_3,perfect,perfect,0,3,dab9037,autoplay,to_be_continued,5,5,,194.83,3.251,169,12,120,0.867,0.133,0,37,0.946,150,5750,5600,,12,3,0,0,0,0,0,4,5,1,3,375,,12,400,5000,200,,,,,5,0,0,0,0,3,3,3,3,3,0,21,,507,120,14,2,2,21,4,0,0,0,sell,,,1,6,0,1,20,,,,16,,,,,,,,104,194.83,1,run_20261009_165746_perfect_3.jsonl
run_20261009_165751_perfect_4,perfect,perfect,0,4,dab9037,autoplay,to_be_continued,5,5,,199.995,3.334,171,12,120,0.833,0.167,0,39,0.949,150,5750,5600,,12,3,0,0,0,0,0,4,5,1,3,400,,12,400,5000,200,,,,,5,0,0,0,0,3,3,3,3,3,0,22,,532,120,15,2,2,22,4,0,0,0,sell,,,1,6,0,1,20,,,,20,,,,,,,,100,199.995,1,run_20261009_165751_perfect_4.jsonl
run_20261009_165751_perfect_5,perfect,perfect,0,5,dab9037,autoplay,to_be_continued,5,5,,204.111,3.391,172,12,120,0.867,0.133,0,40,0.975,150,5750,5600,,12,3,0,0,0,0,0,4,5,1,3,425,,12,400,5000,200,,,,,5,0,0,0,0,3,3,3,3,3,0,23,,557,120,16,1,1,23,5,0,0,0,sell,,,1,6,0,1,20,,,,16,,,,,,,,104,204.111,1,run_20261009_165751_perfect_5.jsonl
run_20261009_165751_perfect_6,perfect,perfect,0,6,dab9037,autoplay,to_be_continued,5,5,,191.614,3.191,157,12,120,0.817,0.183,0,25,0.96,150,5750,5600,,12,3,0,0,0,0,0,4,5,1,3,225,,12,400,5000,200,,,,,5,0,0,0,0,3,3,3,3,3,0,15,,357,100,9,1,1,15,4,0,0,0,sell,,,1,6,0,1,20,,,,22,,,,,,,,98,191.614,1,run_20261009_165751_perfect_6.jsonl
run_20261009_165756_perfect_7,perfect,perfect,0,7,dab9037,autoplay,to_be_continued,5,5,,211.859,3.526,184,12,120,0.842,0.158,0,52,0.981,150,5750,5600,,12,3,0,0,0,0,0,4,5,1,3,575,,12,400,5000,200,,,,,5,0,0,0,0,3,3,3,3,3,0,29,,707,120,22,1,1,29,5,0,0,0,sell,,,1,6,0,1,20,,,,19,,,,,,,,101,211.859,1,run_20261009_165756_perfect_7.jsonl
run_20261009_165756_perfect_8,perfect,perfect,0,8,dab9037,autoplay,to_be_continued,5,5,,200.095,3.327,167,12,120,0.858,0.142,0,35,1,150,5750,5600,,12,3,0,0,0,0,0,4,5,1,3,375,,12,400,5000,200,,,,,5,0,0,0,0,3,3,3,3,3,0,21,,507,120,14,,,21,6,0,0,0,sell,,,1,6,0,1,20,,,,17,,,,,,,,103,200.095,1,run_20261009_165756_perfect_8.jsonl
run_20261009_165756_perfect_9,perfect,perfect,0,9,dab9037,autoplay,to_be_continued,5,5,,199.779,3.325,169,12,120,0.875,0.125,0,37,0.946,150,5750,5600,,12,3,0,0,0,0,0,4,5,1,3,375,,12,400,5000,200,,,,,5,0,0,0,0,3,3,3,3,3,0,21,,507,120,14,2,2,21,4,0,0,0,sell,,,1,6,0,1,20,,,,15,,,,,,,,105,199.779,1,run_20261009_165756_perfect_9.jsonl
run_20261009_165801_perfect_10,perfect,perfect,0,10,dab9037,autoplay,to_be_continued,5,5,,216.608,3.62,193,12,120,0.833,0.167,0,61,0.967,150,5750,5600,,12,3,0,0,0,0,0,4,5,1,3,675,,12,400,5000,200,,,,,5,0,0,0,0,3,3,3,3,3,0,33,,807,120,26,2,2,33,4,0,0,0,sell,,,1,6,0,1,20,,,,20,,,,,,,,100,216.608,1,run_20261009_165801_perfect_10.jsonl
run_20261009_165801_perfect_11,perfect,perfect,0,11,dab9037,autoplay,to_be_continued,5,5,,210.026,3.488,177,12,120,0.875,0.125,0,45,1,150,5750,5600,,12,3,0,0,0,0,0,4,5,1,3,500,,12,400,5000,200,,,,,5,0,0,0,0,3,3,3,3,3,0,26,,632,120,19,,,26,6,0,0,0,sell,,,1,6,0,1,20,,,,15,,,,,,,,105,210.026,1,run_20261009_165801_perfect_11.jsonl
run_20261009_165801_perfect_12,perfect,perfect,0,12,dab9037,autoplay,to_be_continued,5,5,,186.165,3.086,153,12,120,0.817,0.183,0,21,0.952,150,5750,5600,,12,3,0,0,0,0,0,4,5,1,3,175,,12,400,5000,200,,,,,5,0,0,0,0,3,3,3,3,3,0,13,,307,100,7,1,1,13,4,0,0,0,sell,,,1,6,0,1,20,,,,22,,,,,,,,98,186.165,1,run_20261009_165801_perfect_12.jsonl
run_20261009_165805_perfect_13,perfect,perfect,0,13,dab9037,autoplay,to_be_continued,5,5,,212.625,3.549,188,12,120,0.867,0.133,0,56,0.982,150,5750,5600,,12,3,0,0,0,0,0,4,5,1,3,625,,12,400,5000,200,,,,,5,0,0,0,0,3,3,3,3,3,0,31,,757,120,24,1,1,31,5,0,0,0,sell,,,1,6,0,1,20,,,,16,,,,,,,,104,212.625,1,run_20261009_165805_perfect_13.jsonl
run_20261009_165806_perfect_14,perfect,perfect,0,14,dab9037,autoplay,to_be_continued,5,5,,222.673,3.708,191,12,120,0.792,0.208,0,59,1,150,5750,5600,,12,3,0,0,0,0,0,4,5,1,3,675,,12,400,5000,200,,,,,5,0,0,0,0,3,3,3,3,3,0,33,,807,120,26,,,33,6,0,0,0,sell,,,1,6,0,1,20,,,,25,,,,,,,,95,222.673,1,run_20261009_165806_perfect_14.jsonl
run_20261009_165806_perfect_15,perfect,perfect,0,15,dab9037,autoplay,to_be_continued,5,5,,194.163,3.225,159,12,120,0.817,0.183,0,27,0.963,150,5750,5600,,12,3,0,0,0,0,0,4,5,1,3,250,,12,400,5000,200,,,,,5,0,0,0,0,3,3,3,3,3,0,16,,382,100,10,1,1,16,4,0,0,0,sell,,,1,6,0,1,20,,,,22,,,,,,,,98,194.163,1,run_20261009_165806_perfect_15.jsonl
run_20261009_165811_perfect_16,perfect,perfect,0,16,dab9037,autoplay,to_be_continued,5,5,,213.342,3.542,185,12,120,0.775,0.225,0,53,0.962,150,5750,5600,,12,3,0,0,0,0,0,4,5,1,3,575,,12,400,5000,200,,,,,5,0,0,0,0,3,3,3,3,3,0,29,,707,120,22,2,2,29,4,0,0,0,sell,,,1,6,0,1,20,,,,27,,,,,,,,93,213.342,1,run_20261009_165811_perfect_16.jsonl
run_20261009_165811_perfect_17,perfect,perfect,0,17,dab9037,autoplay,to_be_continued,5,5,,200.395,3.337,174,12,120,0.833,0.167,0,42,0.929,150,5750,5600,,12,3,0,0,0,0,0,4,5,1,3,425,,12,400,5000,200,,,,,5,0,0,0,0,3,3,3,3,3,0,23,,557,120,16,3,3,23,3,0,0,0,sell,,,1,6,0,1,20,,,,20,,,,,,,,100,200.395,1,run_20261009_165811_perfect_17.jsonl
run_20261009_165811_perfect_18,perfect,perfect,0,18,dab9037,autoplay,to_be_continued,5,5,,189.048,3.142,158,12,120,0.825,0.175,0,26,0.923,150,5750,5600,,12,3,0,0,0,0,0,4,5,1,3,225,,12,400,5000,200,,,,,5,0,0,0,0,3,3,3,3,3,0,15,,357,100,9,2,2,15,3,0,0,0,sell,,,1,6,0,1,20,,,,21,,,,,,,,99,189.048,1,run_20261009_165811_perfect_18.jsonl
run_20261009_165816_perfect_19,perfect,perfect,0,19,dab9037,autoplay,to_be_continued,5,5,,207.56,3.461,168,12,120,0.892,0.108,0,36,0.972,150,5750,5600,,12,3,0,0,0,0,0,4,5,1,3,375,,12,400,5000,200,,,,,5,0,0,0,0,3,3,3,3,3,0,21,,507,120,14,1,1,21,5,0,0,0,sell,,,1,6,0,1,20,,,,13,,,,,,,,107,207.56,1,run_20261009_165816_perfect_19.jsonl
run_20261009_165816_perfect_20,perfect,perfect,0,20,dab9037,autoplay,to_be_continued,5,5,,189.481,3.154,154,12,120,0.725,0.275,0,22,1,150,5750,5600,,12,3,0,0,0,0,0,4,5,1,3,200,,12,400,5000,200,,,,,5,0,0,0,0,3,3,3,3,3,0,14,,332,100,8,,,14,5,0,0,0,sell,,,1,6,0,1,20,,,,33,,,,,,,,87,189.481,1,run_20261009_165816_perfect_20.jsonl
run_20261009_165816_perfect_21,perfect,perfect,0,21,dab9037,autoplay,to_be_continued,5,5,,198.945,3.306,164,12,120,0.858,0.142,0,32,0.969,150,5750,5600,,12,3,0,0,0,0,0,4,5,1,3,325,,12,400,5000,200,,,,,5,0,0,0,0,3,3,3,3,3,0,19,,457,120,12,1,1,19,5,0,0,0,sell,,,1,6,0,1,20,,,,17,,,,,,,,103,198.945,1,run_20261009_165816_perfect_21.jsonl
run_20261009_165821_perfect_22,perfect,perfect,0,22,dab9037,autoplay,to_be_continued,5,5,,187.382,3.126,159,12,120,0.875,0.125,0,27,0.889,150,5750,5600,,12,3,0,0,0,0,0,4,5,1,3,225,,12,400,5000,200,,,,,5,0,0,0,0,3,3,3,3,3,0,15,,357,100,9,3,3,15,2,0,0,0,sell,,,1,6,0,1,20,,,,15,,,,,,,,105,187.382,1,run_20261009_165821_perfect_22.jsonl
run_20261009_165821_perfect_23,perfect,perfect,0,23,dab9037,autoplay,to_be_continued,5,5,,199.012,3.323,168,12,120,0.808,0.192,0,36,0.972,150,5750,5600,,12,3,0,0,0,0,0,4,5,1,3,375,,12,400,5000,200,,,,,5,0,0,0,0,3,3,3,3,3,0,21,,507,120,14,1,1,21,5,0,0,0,sell,,,1,6,0,1,20,,,,23,,,,,,,,97,199.012,1,run_20261009_165821_perfect_23.jsonl
run_20261009_165821_perfect_24,perfect,perfect,0,24,dab9037,autoplay,to_be_continued,5,5,,222.74,3.707,202,12,120,0.833,0.167,0,70,1,150,5750,5600,,12,3,0,0,0,0,0,4,5,1,3,825,,12,400,5000,200,,,,,5,0,0,0,0,3,3,3,3,3,0,39,,957,140,31,,,39,7,0,0,0,sell,,,1,6,0,1,20,,,,20,,,,,,,,100,222.74,1,run_20261009_165821_perfect_24.jsonl
run_20261009_165825_perfect_25,perfect,perfect,0,25,dab9037,autoplay,to_be_continued,5,5,,191.164,3.193,156,12,120,0.817,0.183,0,24,0.917,150,5750,5600,,12,3,0,0,0,0,0,4,5,1,3,200,,12,400,5000,200,,,,,5,0,0,0,0,3,3,3,3,3,0,14,,332,100,8,2,2,14,3,0,0,0,sell,,,1,6,0,1,20,,,,22,,,,,,,,98,191.164,1,run_20261009_165825_perfect_25.jsonl
run_20261009_165826_perfect_26,perfect,perfect,0,26,dab9037,autoplay,to_be_continued,5,5,,193.014,3.213,155,12,120,0.767,0.233,0,23,0.957,150,5750,5600,,12,3,0,0,0,0,0,4,5,1,3,200,,12,400,5000,200,,,,,5,0,0,0,0,3,3,3,3,3,0,14,,332,100,8,1,1,14,4,0,0,0,sell,,,1,6,0,1,20,,,,28,,,,,,,,92,193.014,1,run_20261009_165826_perfect_26.jsonl
run_20261009_165826_perfect_27,perfect,perfect,0,27,dab9037,autoplay,to_be_continued,5,5,,187.781,3.121,151,12,120,0.833,0.167,0,19,0.947,150,5750,5600,,12,3,0,0,0,0,0,4,5,1,3,150,,12,400,5000,200,,,,,5,0,0,0,0,3,3,3,3,3,0,12,,282,100,6,1,1,12,4,0,0,0,sell,,,1,6,0,1,20,,,,20,,,,,,,,100,187.781,1,run_20261009_165826_perfect_27.jsonl
run_20261009_165830_perfect_28,perfect,perfect,0,28,dab9037,autoplay,to_be_continued,5,5,,205.011,3.423,173,12,120,0.908,0.092,0,41,1,150,5750,5600,,12,3,0,0,0,0,0,4,5,1,3,450,,12,400,5000,200,,,,,5,0,0,0,0,3,3,3,3,3,0,24,,582,120,17,,,24,6,0,0,0,sell,,,1,6,0,1,20,,,,11,,,,,,,,109,205.011,1,run_20261009_165830_perfect_28.jsonl
run_20261009_165830_perfect_29,perfect,perfect,0,29,dab9037,autoplay,to_be_continued,5,5,,200.062,3.328,168,12,120,0.917,0.083,0,36,0.972,150,5750,5600,,12,3,0,0,0,0,0,4,5,1,3,375,,12,400,5000,200,,,,,5,0,0,0,0,3,3,3,3,3,0,21,,507,120,14,1,1,21,5,0,0,0,sell,,,1,6,0,1,20,,,,10,,,,,,,,110,200.062,1,run_20261009_165830_perfect_29.jsonl
run_20261009_165831_perfect_30,perfect,perfect,0,30,dab9037,autoplay,to_be_continued,5,5,,194.297,3.224,168,12,120,0.875,0.125,0,36,0.972,150,5750,5600,,12,3,0,0,0,0,0,4,5,1,3,375,,12,400,5000,200,,,,,5,0,0,0,0,3,3,3,3,3,0,21,,507,120,14,1,1,21,5,0,0,0,sell,,,1,6,0,1,20,,,,15,,,,,,,,105,194.297,1,run_20261009_165831_perfect_30.jsonl
run_20261009_165835_perfect_31,perfect,perfect,0,31,dab9037,autoplay,to_be_continued,5,5,,204.211,3.402,171,12,120,0.767,0.233,0,39,1,150,5750,5600,,12,3,0,0,0,0,0,4,5,1,3,425,,12,400,5000,200,,,,,5,0,0,0,0,3,3,3,3,3,0,23,,557,120,16,,,23,6,0,0,0,sell,,,1,6,0,1,20,,,,28,,,,,,,,92,204.211,1,run_20261009_165835_perfect_31.jsonl
run_20261009_165835_perfect_32,perfect,perfect,0,32,dab9037,autoplay,to_be_continued,5,5,,206.177,3.443,179,12,120,0.842,0.158,0,47,0.957,150,5750,5600,,12,3,0,0,0,0,0,4,5,1,3,500,,12,400,5000,200,,,,,5,0,0,0,0,3,3,3,3,3,0,26,,632,120,19,2,2,26,4,0,0,0,sell,,,1,6,0,1,20,,,,19,,,,,,,,101,206.177,1,run_20261009_165835_perfect_32.jsonl
run_20261009_165836_perfect_33,perfect,perfect,0,33,dab9037,autoplay,to_be_continued,5,5,,193.963,3.226,163,12,120,0.867,0.133,0,31,1,150,5750,5600,,12,3,0,0,0,0,0,4,5,1,3,325,,12,400,5000,200,,,,,5,0,0,0,0,3,3,3,3,3,0,19,,457,120,12,,,19,6,0,0,0,sell,,,1,6,0,1,20,,,,16,,,,,,,,104,193.963,1,run_20261009_165836_perfect_33.jsonl
run_20261009_165840_perfect_34,perfect,perfect,0,34,dab9037,autoplay,to_be_continued,5,5,,201.312,3.359,174,12,120,0.85,0.15,0,42,0.976,150,5750,5600,,12,3,0,0,0,0,0,4,5,1,3,450,,12,400,5000,200,,,,,5,0,0,0,0,3,3,3,3,3,0,24,,582,120,17,1,1,24,5,0,0,0,sell,,,1,6,0,1,20,,,,18,,,,,,,,102,201.312,1,run_20261009_165840_perfect_34.jsonl
run_20261009_165840_perfect_35,perfect,perfect,0,35,dab9037,autoplay,to_be_continued,5,5,,191.847,3.193,156,12,120,0.85,0.15,0,24,1,150,5750,5600,,12,3,0,0,0,0,0,4,5,1,3,225,,12,400,5000,200,,,,,5,0,0,0,0,3,3,3,3,3,0,15,,357,100,9,,,15,5,0,0,0,sell,,,1,6,0,1,20,,,,18,,,,,,,,102,191.847,1,run_20261009_165840_perfect_35.jsonl
run_20261009_165840_perfect_36,perfect,perfect,0,36,dab9037,autoplay,to_be_continued,5,5,,222.04,3.692,191,12,120,0.858,0.142,0,59,0.966,150,5750,5600,,12,3,0,0,0,0,0,4,5,1,3,650,,12,400,5000,200,,,,,5,0,0,0,0,3,3,3,3,3,0,32,,782,120,25,2,2,32,4,0,0,0,sell,,,1,6,0,1,20,,,,17,,,,,,,,103,222.04,1,run_20261009_165840_perfect_36.jsonl
run_20261009_165845_perfect_37,perfect,perfect,0,37,dab9037,autoplay,to_be_continued,5,5,,206.06,3.443,172,12,120,0.817,0.183,0,40,0.975,150,5750,5600,,12,3,0,0,0,0,0,4,5,1,3,425,,12,400,5000,200,,,,,5,0,0,0,0,3,3,3,3,3,0,23,,557,120,16,1,1,23,5,0,0,0,sell,,,1,6,0,1,20,,,,22,,,,,,,,98,206.06,1,run_20261009_165845_perfect_37.jsonl
run_20261009_165845_perfect_38,perfect,perfect,0,38,dab9037,autoplay,to_be_continued,5,5,,192.464,3.203,158,12,120,0.85,0.15,0,26,1,150,5750,5600,,12,3,0,0,0,0,0,4,5,1,3,250,,12,400,5000,200,,,,,5,0,0,0,0,3,3,3,3,3,0,16,,382,100,10,,,16,5,0,0,0,sell,,,1,6,0,1,20,,,,18,,,,,,,,102,192.464,1,run_20261009_165845_perfect_38.jsonl
run_20261009_165846_perfect_39,perfect,perfect,0,39,dab9037,autoplay,to_be_continued,5,5,,204.277,3.393,171,12,120,0.783,0.217,0,39,1,150,5750,5600,,12,3,0,0,0,0,0,4,5,1,3,425,,12,400,5000,200,,,,,5,0,0,0,0,3,3,3,3,3,0,23,,557,120,16,,,23,6,0,0,0,sell,,,1,6,0,1,20,,,,26,,,,,,,,94,204.277,1,run_20261009_165846_perfect_39.jsonl
run_20261009_165850_caring_1,caring,caring,0,1,dab9037,autoplay,to_be_continued,5,5,,232.754,3.877,167,12,120,0.9,0.1,0,35,0.943,150,5750,5600,,12,3,0,0,0,0,0,4,5,1,,450,,12,400,5000,200,,,,,5,0,0,0,0,3,3,3,3,3,0,21,,582,160,12,2,2,21,6,80,0,25,sell,,,1,5,0,1,20,,,,12,,,,,20,20,,68,232.754,1,run_20261009_165850_caring_1.jsonl
run_20261009_165850_perfect_40,perfect,perfect,0,40,dab9037,autoplay,to_be_continued,5,5,,187.132,3.127,154,12,120,0.858,0.142,0,22,0.909,150,5750,5600,,12,3,0,0,0,0,0,4,5,1,3,175,,12,400,5000,200,,,,,5,0,0,0,0,3,3,3,3,3,0,13,,307,100,7,2,2,13,3,0,0,0,sell,,,1,6,0,1,20,,,,17,,,,,,,,103,187.132,1,run_20261009_165850_perfect_40.jsonl
run_20261009_165851_caring_2,caring,caring,0,2,dab9037,autoplay,to_be_continued,5,5,,234.12,3.893,171,12,120,0.933,0.067,0,39,0.949,150,5750,5600,,12,3,0,0,0,0,0,4,5,1,,510,,12,400,5000,200,,,,,5,0,0,0,0,3,3,3,3,3,0,23,,642,160,14,2,2,23,6,80,0,25,sell,,,1,5,0,1,20,,,,8,,,,,20,20,,72,234.12,1,run_20261009_165851_caring_2.jsonl
run_20261009_165854_caring_3,caring,caring,0,3,dab9037,autoplay,to_be_continued,5,5,,254.315,4.239,196,12,120,0.867,0.133,0,64,1,150,5750,5600,,12,3,0,0,0,0,0,4,5,1,,930,,12,400,5000,200,,,,,5,0,0,0,0,3,3,3,3,3,0,37,,1062,180,27,,,37,9,80,0,25,sell,,,1,5,0,1,20,,,,16,,,,,20,20,,64,254.315,1,run_20261009_165854_caring_3.jsonl
run_20261009_165855_caring_4,caring,caring,0,4,dab9037,autoplay,to_be_continued,5,5,,235.553,3.939,173,12,120,0.867,0.133,0,41,0.951,150,5750,5600,,12,3,0,0,0,0,0,4,5,1,,540,,12,400,5000,200,,,,,5,0,0,0,0,3,3,3,3,3,0,24,,672,160,15,2,2,24,6,80,0,25,sell,,,1,5,0,1,20,,,,16,,,,,20,20,,64,235.553,1,run_20261009_165855_caring_4.jsonl
run_20261009_165856_caring_5,caring,caring,0,5,dab9037,autoplay,to_be_continued,5,5,,243.268,4.047,177,12,120,0.942,0.058,0,45,0.956,150,5750,5600,,12,3,0,0,0,0,0,4,5,1,,600,,12,400,5000,200,,,,,5,0,0,0,0,3,3,3,3,3,0,26,,732,160,17,2,2,26,6,80,0,25,sell,,,1,5,0,1,20,,,,7,,,,,20,20,,73,243.268,1,run_20261009_165856_caring_5.jsonl
run_20261009_165900_caring_6,caring,caring,0,6,dab9037,autoplay,to_be_continued,5,5,,229.105,3.81,165,12,120,0.925,0.075,0,33,0.939,150,5750,5600,,12,3,0,0,0,0,0,4,5,1,,420,,12,400,5000,200,,,,,5,0,0,0,0,3,3,3,3,3,0,20,,552,160,11,2,2,20,6,80,0,25,sell,,,1,5,0,1,20,,,,9,,,,,20,20,,71,229.105,1,run_20261009_165900_caring_6.jsonl
run_20261009_165901_caring_7,caring,caring,0,7,dab9037,autoplay,to_be_continued,5,5,,229.721,3.837,174,12,120,0.908,0.092,0,42,0.929,150,5750,5600,,12,3,0,0,0,0,0,4,5,1,,540,,12,400,5000,200,,,,,5,0,0,0,0,3,3,3,3,3,0,24,,672,160,15,3,3,24,5,80,0,25,sell,,,1,5,0,1,20,,,,11,,,,,20,20,,69,229.721,1,run_20261009_165901_caring_7.jsonl
run_20261009_165902_caring_8,caring,caring,0,8,dab9037,autoplay,to_be_continued,5,5,,243.568,4.076,169,12,120,0.875,0.125,0,37,1,150,5750,5600,,12,3,0,0,0,0,0,4,5,1,,510,,12,400,5000,200,,,,,5,0,0,0,0,3,3,3,3,3,0,23,,642,160,14,,,23,8,80,0,25,sell,,,1,5,0,1,20,,,,15,,,,,20,20,,65,243.568,1,run_20261009_165902_caring_8.jsonl
run_20261009_165905_caring_9,caring,caring,0,9,dab9037,autoplay,to_be_continued,5,5,,243.801,4.068,179,12,120,0.942,0.058,0,47,0.957,150,5750,5600,,12,3,0,0,0,0,0,4,5,1,,630,,12,400,5000,200,,,,,5,0,0,0,0,3,3,3,3,3,0,27,,762,160,18,2,2,27,6,80,0,25,sell,,,1,5,0,1,20,,,,7,,,,,20,20,,73,243.801,1,run_20261009_165905_caring_9.jsonl
run_20261009_165906_caring_10,caring,caring,0,10,dab9037,autoplay,to_be_continued,5,5,,271.628,4.541,219,12,120,0.925,0.075,0,87,0.966,150,5750,5600,,12,3,0,0,0,0,0,4,5,1,,1230,,12,400,5000,200,,,,,5,0,0,0,0,3,3,3,3,3,0,47,,1362,180,37,3,3,47,6,80,0,25,sell,,,1,5,0,1,20,,,,9,,,,,20,20,,71,271.628,1,run_20261009_165906_caring_10.jsonl
run_20261009_165907_caring_11,caring,caring,0,11,dab9037,autoplay,to_be_continued,5,5,,258.048,4.301,190,12,120,0.925,0.075,0,58,0.966,150,5750,5600,,12,3,0,0,0,0,0,4,5,1,,810,,12,400,5000,200,,,,,5,0,0,0,0,3,3,3,3,3,0,33,,942,180,23,2,2,33,7,80,0,25,sell,,,1,5,0,1,20,,,,9,,,,,20,20,,71,258.048,1,run_20261009_165907_caring_11.jsonl
run_20261009_165911_caring_12,caring,caring,0,12,dab9037,autoplay,to_be_continued,5,5,,223.673,3.729,159,12,120,0.892,0.108,0,27,1,150,5750,5600,,12,3,0,0,0,0,0,4,5,1,,360,,12,400,5000,200,,,,,5,0,0,0,0,3,3,3,3,3,0,18,,492,160,9,,,18,8,80,0,25,sell,,,1,5,0,1,20,,,,13,,,,,20,20,,67,223.673,1,run_20261009_165911_caring_12.jsonl
run_20261009_165912_caring_13,caring,caring,0,13,dab9037,autoplay,to_be_continued,5,5,,245.301,4.076,198,12,120,0.883,0.117,0,66,0.939,150,5750,5600,,12,3,0,0,0,0,0,4,5,1,,900,,12,400,5000,200,,,,,5,0,0,0,0,3,3,3,3,3,0,36,,1032,180,26,4,4,36,5,80,0,25,sell,,,1,5,0,1,20,,,,14,,,,,20,20,,66,245.301,1,run_20261009_165912_caring_13.jsonl
run_20261009_165913_caring_14,caring,caring,0,14,dab9037,autoplay,to_be_continued,5,5,,258.598,4.321,196,12,120,0.908,0.092,0,64,1,150,5750,5600,,12,3,0,0,0,0,0,4,5,1,,930,,12,400,5000,200,,,,,5,0,0,0,0,3,3,3,3,3,0,37,,1062,180,27,,,37,9,80,0,25,sell,,,1,5,0,1,20,,,,11,,,,,20,20,,69,258.598,1,run_20261009_165913_caring_14.jsonl
run_20261009_165916_caring_15,caring,caring,0,15,dab9037,autoplay,to_be_continued,5,5,,229.938,3.826,166,12,120,0.908,0.092,0,34,0.912,150,5750,5600,,12,3,0,0,0,0,0,4,5,1,,420,,12,400,5000,200,,,,,5,0,0,0,0,3,3,3,3,3,0,20,,552,160,11,3,3,20,5,80,0,25,sell,,,1,5,0,1,20,,,,11,,,,,20,20,,69,229.938,1,run_20261009_165916_caring_15.jsonl
run_20261009_165917_caring_16,caring,caring,0,16,dab9037,autoplay,to_be_continued,5,5,,254.982,4.261,192,12,120,0.942,0.058,0,60,0.933,150,5750,5600,,12,3,0,0,0,0,0,4,5,1,,810,,12,400,5000,200,,,,,5,0,0,0,0,3,3,3,3,3,0,33,,942,180,23,4,4,33,5,80,0,25,sell,,,1,5,0,1,20,,,,7,,,,,20,20,,73,254.982,1,run_20261009_165917_caring_16.jsonl
run_20261009_165919_caring_17,caring,caring,0,17,dab9037,autoplay,to_be_continued,5,5,,255.032,4.246,194,12,120,0.9,0.1,0,62,0.935,150,5750,5600,,12,3,0,0,0,0,0,4,5,1,,840,,12,400,5000,200,,,,,5,0,0,0,0,3,3,3,3,3,0,34,,972,180,24,4,4,34,5,80,0,25,sell,,,1,5,0,1,20,,,,12,,,,,20,20,,68,255.032,1,run_20261009_165919_caring_17.jsonl
run_20261009_165921_caring_18,caring,caring,0,18,dab9037,autoplay,to_be_continued,5,5,,235.986,3.942,167,12,120,0.925,0.075,0,35,0.943,150,5750,5600,,12,3,0,0,0,0,0,4,5,1,,450,,12,400,5000,200,,,,,5,0,0,0,0,3,3,3,3,3,0,21,,582,160,12,2,2,21,6,80,0,25,sell,,,1,5,0,1,20,,,,9,,,,,20,20,,71,235.986,1,run_20261009_165921_caring_18.jsonl
run_20261009_165923_caring_19,caring,caring,0,19,dab9037,autoplay,to_be_continued,5,5,,236.203,3.927,175,12,120,0.925,0.075,0,43,0.953,150,5750,5600,,12,3,0,0,0,0,0,4,5,1,,570,,12,400,5000,200,,,,,5,0,0,0,0,3,3,3,3,3,0,25,,702,160,16,2,2,25,6,80,0,25,sell,,,1,5,0,1,20,,,,9,,,,,20,20,,71,236.203,1,run_20261009_165923_caring_19.jsonl
run_20261009_165924_caring_20,caring,caring,0,20,dab9037,autoplay,to_be_continued,5,5,,230.604,3.85,156,12,120,0.917,0.083,0,24,0.958,150,5750,5600,,12,3,0,0,0,0,0,4,5,1,,300,,12,400,5000,200,,,,,5,0,0,0,0,3,3,3,3,3,0,16,,432,160,7,1,1,16,7,80,0,25,sell,,,1,5,0,1,20,,,,10,,,,,20,20,,70,230.604,1,run_20261009_165924_caring_20.jsonl
run_20261009_165926_caring_21,caring,caring,0,21,dab9037,autoplay,to_be_continued,5,5,,242.468,4.026,172,12,120,0.892,0.108,0,40,0.975,150,5750,5600,,12,3,0,0,0,0,0,4,5,1,,540,,12,400,5000,200,,,,,5,0,0,0,0,3,3,3,3,3,0,24,,672,160,15,1,1,24,7,80,0,25,sell,,,1,5,0,1,20,,,,13,,,,,20,20,,67,242.468,1,run_20261009_165926_caring_21.jsonl
run_20261009_165928_caring_22,caring,caring,0,22,dab9037,autoplay,to_be_continued,5,5,,234.87,3.923,172,12,120,0.858,0.142,0,40,0.975,150,5750,5600,,12,3,0,0,0,0,0,4,5,1,,540,,12,400,5000,200,,,,,5,0,0,0,0,3,3,3,3,3,0,24,,672,160,15,1,1,24,7,80,0,25,sell,,,1,5,0,1,20,,,,17,,,,,20,20,,63,234.87,1,run_20261009_165928_caring_22.jsonl
run_20261009_165930_caring_23,caring,caring,0,23,dab9037,autoplay,to_be_continued,5,5,,240.352,3.995,183,12,120,0.9,0.1,0,51,1,150,5750,5600,,12,3,0,0,0,0,0,4,5,1,,720,,12,400,5000,200,,,,,5,0,0,0,0,3,3,3,3,3,0,30,,852,160,21,,,30,8,80,0,25,sell,,,1,5,0,1,20,,,,12,,,,,20,20,,68,240.352,1,run_20261009_165930_caring_23.jsonl
run_20261009_165932_caring_24,caring,caring,0,24,dab9037,autoplay,to_be_continued,5,5,,263.23,4.379,213,12,120,0.883,0.117,0,81,0.988,150,5750,5600,,12,3,0,0,0,0,0,4,5,1,,1170,,12,400,5000,200,,,,,5,0,0,0,0,3,3,3,3,3,0,45,,1302,180,35,1,1,45,8,80,0,25,sell,,,1,5,0,1,20,,,,14,,,,,20,20,,66,263.23,1,run_20261009_165932_caring_24.jsonl
run_20261009_165934_caring_25,caring,caring,0,25,dab9037,autoplay,to_be_continued,5,5,,248.367,4.141,188,12,120,0.883,0.117,0,56,0.982,150,5750,5600,,12,3,0,0,0,0,0,4,5,1,,780,,12,400,5000,200,,,,,5,0,0,0,0,3,3,3,3,3,0,32,,912,160,23,1,1,32,7,80,0,25,sell,,,1,5,0,1,20,,,,14,,,,,20,20,,66,248.367,1,run_20261009_165934_caring_25.jsonl
run_20261009_165935_caring_26,caring,caring,0,26,dab9037,autoplay,to_be_continued,5,5,,262.747,4.392,206,12,120,0.858,0.142,0,74,0.973,150,5750,5600,,12,3,0,0,0,0,0,4,5,1,,1050,,12,400,5000,200,,,,,5,0,0,0,0,3,3,3,3,3,0,41,,1182,180,31,2,2,41,7,80,0,25,sell,,,1,5,0,1,20,,,,17,,,,,20,20,,63,262.747,1,run_20261009_165935_caring_26.jsonl
run_20261009_165937_caring_27,caring,caring,0,27,dab9037,autoplay,to_be_continued,5,5,,241.035,4.028,165,12,120,0.917,0.083,0,33,0.939,150,5750,5600,,12,3,0,0,0,0,0,4,5,1,,420,,12,400,5000,200,,,,,5,0,0,0,0,3,3,3,3,3,0,20,,552,160,11,2,2,20,6,80,0,25,sell,,,1,5,0,1,20,,,,10,,,,,20,20,,70,241.035,1,run_20261009_165937_caring_27.jsonl
run_20261009_165939_caring_28,caring,caring,0,28,dab9037,autoplay,to_be_continued,5,5,,229.855,3.828,176,12,120,0.942,0.058,0,44,0.977,150,5750,5600,,12,3,0,0,0,0,0,4,5,1,,600,,12,400,5000,200,,,,,5,0,0,0,0,3,3,3,3,3,0,26,,732,160,17,1,1,26,7,80,0,25,sell,,,1,5,0,1,20,,,,7,,,,,20,20,,73,229.855,1,run_20261009_165939_caring_28.jsonl
run_20261009_165941_caring_29,caring,caring,0,29,dab9037,autoplay,to_be_continued,5,5,,243.118,4.05,186,12,120,0.925,0.075,0,54,0.963,150,5750,5600,,12,3,0,0,0,0,0,4,5,1,,750,,12,400,5000,200,,,,,5,0,0,0,0,3,3,3,3,3,0,31,,882,180,21,2,2,31,7,80,0,25,sell,,,1,5,0,1,20,,,,9,,,,,20,20,,71,243.118,1,run_20261009_165941_caring_29.jsonl
run_20261009_165943_caring_30,caring,caring,0,30,dab9037,autoplay,to_be_continued,5,5,,237.719,3.965,178,12,120,0.892,0.108,0,46,0.978,150,5750,5600,,12,3,0,0,0,0,0,4,5,1,,630,,12,400,5000,200,,,,,5,0,0,0,0,3,3,3,3,3,0,27,,762,160,18,1,1,27,7,80,0,25,sell,,,1,5,0,1,20,,,,13,,,,,20,20,,67,237.719,1,run_20261009_165943_caring_30.jsonl
run_20261009_165945_caring_31,caring,caring,0,31,dab9037,autoplay,to_be_continued,5,5,,239.635,3.993,174,12,120,0.908,0.092,0,42,0.976,150,5750,5600,,12,3,0,0,0,0,0,4,5,1,,570,,12,400,5000,200,,,,,5,0,0,0,0,3,3,3,3,3,0,25,,702,160,16,1,1,25,7,80,0,25,sell,,,1,5,0,1,20,,,,11,,,,,20,20,,69,239.635,1,run_20261009_165945_caring_31.jsonl
run_20261009_165946_caring_32,caring,caring,0,32,dab9037,autoplay,to_be_continued,5,5,,246.101,4.111,184,12,120,0.883,0.117,0,52,0.962,150,5750,5600,,12,3,0,0,0,0,0,4,5,1,,720,,12,400,5000,200,,,,,5,0,0,0,0,3,3,3,3,3,0,30,,852,180,20,2,2,30,7,80,0,25,sell,,,1,5,0,1,20,,,,14,,,,,20,20,,66,246.101,1,run_20261009_165946_caring_32.jsonl
run_20261009_165948_caring_33,caring,caring,0,33,dab9037,autoplay,to_be_continued,5,5,,231.121,3.86,169,12,120,0.917,0.083,0,37,0.946,150,5750,5600,,12,3,0,0,0,0,0,4,5,1,,480,,12,400,5000,200,,,,,5,0,0,0,0,3,3,3,3,3,0,22,,612,160,13,2,2,22,6,80,0,25,sell,,,1,5,0,1,20,,,,10,,,,,20,20,,70,231.121,1,run_20261009_165948_caring_33.jsonl
run_20261009_165950_caring_34,caring,caring,0,34,dab9037,autoplay,to_be_continued,5,5,,238.586,3.985,182,12,120,0.925,0.075,0,50,0.96,150,5750,5600,,12,3,0,0,0,0,0,4,5,1,,690,,12,400,5000,200,,,,,5,0,0,0,0,3,3,3,3,3,0,29,,822,180,19,2,2,29,7,80,0,25,sell,,,1,5,0,1,20,,,,9,,,,,20,20,,71,238.586,1,run_20261009_165950_caring_34.jsonl
run_20261009_165952_caring_35,caring,caring,0,35,dab9037,autoplay,to_be_continued,5,5,,240.202,4.012,172,12,120,0.908,0.092,0,40,0.975,150,5750,5600,,12,3,0,0,0,0,0,4,5,1,,540,,12,400,5000,200,,,,,5,0,0,0,0,3,3,3,3,3,0,24,,672,160,15,1,1,24,7,80,0,25,sell,,,1,5,0,1,20,,,,11,,,,,20,20,,69,240.202,1,run_20261009_165952_caring_35.jsonl
run_20261009_165954_caring_36,caring,caring,0,36,dab9037,autoplay,to_be_continued,5,5,,262.247,4.36,200,12,120,0.908,0.092,0,68,0.971,150,5750,5600,,12,3,0,0,0,0,0,4,5,1,,960,,12,400,5000,200,,,,,5,0,0,0,0,3,3,3,3,3,0,38,,1092,180,28,2,2,38,7,80,0,25,sell,,,1,5,0,1,20,,,,11,,,,,20,20,,69,262.247,1,run_20261009_165954_caring_36.jsonl
run_20261009_165955_caring_37,caring,caring,0,37,dab9037,autoplay,to_be_continued,5,5,,259.014,4.319,194,12,120,0.883,0.117,0,62,0.968,150,5750,5600,,12,3,0,0,0,0,0,4,5,1,,870,,12,400,5000,200,,,,,5,0,0,0,0,3,3,3,3,3,0,35,,1002,180,25,2,2,35,7,80,0,25,sell,,,1,5,0,1,20,,,,14,,,,,20,20,,66,259.014,1,run_20261009_165955_caring_37.jsonl
run_20261009_165957_caring_38,caring,caring,0,38,dab9037,autoplay,to_be_continued,5,5,,247.317,4.112,185,12,120,0.908,0.092,0,53,1,150,5750,5600,,12,3,0,0,0,0,0,4,5,1,,750,,12,400,5000,200,,,,,5,0,0,0,0,3,3,3,3,3,0,31,,882,160,22,,,31,8,80,0,25,sell,,,1,5,0,1,20,,,,11,,,,,20,20,,69,247.317,1,run_20261009_165957_caring_38.jsonl
run_20261009_170000_caring_39,caring,caring,0,39,dab9037,autoplay,to_be_continued,5,5,,243.251,4.055,180,12,120,0.942,0.058,0,48,0.979,150,5750,5600,,12,3,0,0,0,0,0,4,5,1,,660,,12,400,5000,200,,,,,5,0,0,0,0,3,3,3,3,3,0,28,,792,160,19,1,1,28,7,80,0,25,sell,,,1,5,0,1,20,,,,7,,,,,20,20,,73,243.251,1,run_20261009_170000_caring_39.jsonl
run_20261009_170001_caring_40,caring,caring,0,40,dab9037,autoplay,to_be_continued,5,5,,226.072,3.765,158,12,120,0.933,0.067,0,26,0.962,150,5750,5600,,12,3,0,0,0,0,0,4,5,1,,330,,12,400,5000,200,,,,,5,0,0,0,0,3,3,3,3,3,0,17,,462,160,8,1,1,17,7,80,0,25,sell,,,1,5,0,1,20,,,,8,,,,,20,20,,72,226.072,1,run_20261009_170001_caring_40.jsonl
run_20261009_170003_sloppy_1,sloppy,sloppy,0,1,dab9037,autoplay,game_over,2,2,All your pets have fallen to Toothless.,103.091,1.708,46,3,30,0.5,0.367,0.133,13,0.538,150,250,100,,3,3,0,0,0,0,0,1,2,1,,,,3,100,,,,,,,2,0,3,,,,3,0,,,,4,1,80,105,2,6,6,5,1,85,0,78,n/a,1,,,1,0,1,16,5,5,,1,2,2,,,3,3,,9,103.091,,run_20261009_170003_sloppy_1.jsonl
run_20261009_170005_sloppy_2,sloppy,sloppy,0,2,dab9037,autoplay,to_be_continued,5,5,,406.695,6.775,156,12,120,0.35,0.417,0.233,24,0.708,150,5750,5600,,12,3,0,0,0,0,0,3,4,1,,60,,12,400,5000,200,,,,,5,0,0,0,0,3,3,3,3,3,0,9,2,180,150,6,7,7,11,2,5,0,27,sell,,,1,3,0,1,32,12,23,4,11,4,10,4,10,4,7,2,29,406.695,1,run_20261009_170005_sloppy_2.jsonl
run_20261009_170006_sloppy_3,sloppy,sloppy,0,3,dab9037,autoplay,to_be_continued,5,5,,419.542,7.011,155,12,120,0.35,0.425,0.225,23,0.826,150,5750,5600,,12,3,0,0,0,0,0,3,4,1,,92,,12,400,5000,200,,,,,5,0,0,0,0,3,3,3,3,3,0,11,2,212,155,6,4,4,13,5,0,0,15,sell,,,1,3,0,1,33,5,29,4,13,3,12,4,8,2,9,2,29,419.542,1,run_20261009_170006_sloppy_3.jsonl
run_20261009_170006_sloppy_4,sloppy,sloppy,0,4,dab9037,autoplay,to_be_continued,5,5,,350.175,5.825,162,12,120,0.533,0.308,0.158,30,0.933,150,5750,5600,,12,3,0,0,0,0,0,4,5,1,1,204,,12,400,5000,200,,,,,5,0,0,0,0,3,3,3,3,3,0,14,3,337,130,11,2,2,17,5,20,0,0,sell,,,1,4,0,1,1,10,9,,18,4,3,,12,6,8,,50,350.175,1,run_20261009_170006_sloppy_4.jsonl
run_20261009_170013_sloppy_5,sloppy,sloppy,0,5,dab9037,autoplay,to_be_continued,5,5,,337.345,5.61,160,12,120,0.392,0.417,0.192,28,0.821,150,5750,5600,,12,3,0,0,0,0,0,3,4,1,,185,,12,400,5000,200,,,,,5,0,0,0,0,3,3,3,3,3,0,14,2,311,155,7,5,5,16,4,20,0,13,sell,,,1,4,0,1,37,10,16,,24,5,2,,16,5,2,,40,337.345,1,run_20261009_170013_sloppy_5.jsonl
run_20261009_170014_sloppy_6,sloppy,sloppy,0,6,dab9037,autoplay,to_be_continued,5,5,,354.541,5.907,154,13,120,0.425,0.408,0.167,21,0.81,150,5750,5600,,12,3,0,0,0,0,0,4,5,1,,76,1,12,400,5000,200,,,,,5,0,0,0,0,3,3,3,3,3,0,12,,196,135,5,4,4,12,4,0,0,10,sell,,,1,4,0,1,0,,24,4,21,,7,2,11,,9,4,38,354.541,1,run_20261009_170014_sloppy_6.jsonl
run_20261009_170015_sloppy_7,sloppy,sloppy,0,7,dab9037,autoplay,to_be_continued,5,5,,276.01,4.592,149,12,120,0.55,0.25,0.2,17,0.706,150,5750,5600,,12,3,0,0,0,0,0,3,4,1,2,52,,12,400,5000,200,,,,,5,0,0,0,0,3,3,3,3,3,0,8,1,178,110,3,5,5,9,2,0,0,0,sell,,,1,5,0,1,36,4,3,,23,4,6,,14,2,1,,63,276.01,1,run_20261009_170015_sloppy_7.jsonl
run_20261009_170020_sloppy_8,sloppy,sloppy,0,8,dab9037,autoplay,to_be_continued,5,5,,325.731,5.435,147,12,120,0.475,0.342,0.183,15,0.8,150,5750,5600,,12,3,0,0,0,0,0,3,4,1,1,76,,12,400,5000,200,,,,,5,0,0,0,0,3,3,3,3,3,0,9,1,216,140,2,3,3,10,5,0,0,0,sell,,,1,4,0,1,38,8,12,6,15,1,4,4,13,1,4,,52,325.731,1,run_20261009_170020_sloppy_8.jsonl
run_20261009_170021_sloppy_10,sloppy,sloppy,0,10,dab9037,autoplay,to_be_continued,5,5,,340.911,5.691,155,13,120,0.433,0.375,0.192,22,0.727,150,5750,5600,,12,3,0,0,0,0,0,3,4,1,,83,1,12,400,5000,200,,,,,5,0,0,0,0,3,3,3,3,3,0,8,3,223,175,5,6,6,11,4,0,0,0,sell,,,1,4,0,1,37,8,10,5,22,1,1,2,19,1,9,3,39,340.911,1,run_20261009_170021_sloppy_10.jsonl
run_20261009_170021_sloppy_9,sloppy,sloppy,0,9,dab9037,autoplay,game_over,2,2,All your pets have fallen to Toothless.,94.006,1.561,49,3,30,0.6,0.3,0.1,16,0.625,150,250,100,,3,3,0,0,0,0,0,1,2,1,,,,3,100,,,,,,,2,0,3,,,,3,0,,,,6,,108,120,4,6,6,6,2,55,0,30,n/a,1,,,2,0,1,17,,,,9,,,,3,,,,18,94.006,,run_20261009_170021_sloppy_9.jsonl
run_20261009_170024_sloppy_11,sloppy,sloppy,0,11,dab9037,autoplay,to_be_continued,5,5,,306.336,5.096,149,12,120,0.475,0.325,0.2,17,0.765,150,5750,5600,,12,3,0,0,0,0,0,3,4,1,,38,,12,400,5000,200,,,,,5,0,0,0,0,3,3,3,3,3,0,8,1,171,145,4,4,4,9,4,0,0,30,sell,,,1,4,0,1,36,6,11,,22,4,8,,12,,11,,46,306.336,1,run_20261009_170024_sloppy_11.jsonl
run_20261009_170027_sloppy_12,sloppy,sloppy,0,12,dab9037,autoplay,game_over,2,2,All your pets have fallen to Toothless.,119.211,1.975,44,3,30,0.333,0.467,0.2,11,0.818,150,250,100,,3,3,0,0,0,0,0,1,2,1,,,,3,100,,,,,,,2,0,3,,,,3,0,,,,7,,105,105,2,2,2,7,5,85,0,75,n/a,1,,,1,0,1,14,12,2,,,5,1,,,3,7,,,119.211,,run_20261009_170027_sloppy_12.jsonl
run_20261009_170028_sloppy_13,sloppy,sloppy,0,13,dab9037,autoplay,to_be_continued,5,5,,325.131,5.426,147,12,120,0.4,0.417,0.183,15,0.867,150,5750,5600,,12,3,0,0,0,0,0,3,4,1,,45,,12,400,5000,200,,,,,5,0,0,0,0,3,3,3,3,3,0,8,2,170,135,3,2,2,10,6,0,0,0,sell,,,1,4,0,1,38,6,22,,22,2,13,,7,2,5,,41,325.131,1,run_20261009_170028_sloppy_13.jsonl
run_20261009_170031_sloppy_14,sloppy,sloppy,0,14,dab9037,autoplay,to_be_continued,5,5,,312.934,5.223,150,12,120,0.467,0.35,0.183,18,0.667,150,5750,5600,,12,3,0,0,0,0,0,3,4,1,1,26,,12,400,5000,200,,,,,5,0,0,0,0,3,3,3,3,3,0,7,1,159,135,4,6,6,8,2,60,0,0,sell,,,1,4,0,1,38,9,9,,24,3,2,,17,8,9,,39,312.934,1,run_20261009_170031_sloppy_14.jsonl
run_20261009_170031_sloppy_15,sloppy,sloppy,0,15,dab9037,autoplay,to_be_continued,5,5,,337.595,5.645,154,13,120,0.333,0.483,0.183,21,0.762,150,5750,5600,,12,3,0,0,0,0,0,3,4,1,,54,1,12,400,5000,200,,,,,5,0,0,0,0,3,3,3,3,3,0,8,3,184,130,5,5,5,11,2,21,0,45,sell,,,1,3,0,1,38,6,33,,19,1,9,,12,3,8,,29,337.595,1,run_20261009_170031_sloppy_15.jsonl
run_20261009_170035_sloppy_16,sloppy,sloppy,0,16,dab9037,autoplay,to_be_continued,5,5,,404.362,6.73,154,12,120,0.308,0.442,0.25,22,0.818,150,5750,5600,,12,3,0,0,0,0,0,3,4,1,,71,,12,400,5000,200,,,,,5,0,0,0,0,3,3,3,3,3,0,9,3,191,130,6,4,4,12,3,0,0,35,sell,,,1,2,0,1,30,4,35,4,10,4,14,5,7,2,21,1,13,404.362,1,run_20261009_170035_sloppy_16.jsonl
run_20261009_170037_sloppy_17,sloppy,sloppy,0,17,dab9037,autoplay,to_be_continued,5,5,,308.219,5.128,158,12,120,0.45,0.342,0.208,26,0.731,150,5750,5600,,12,3,0,0,0,0,0,3,4,1,1,154,,12,400,5000,200,,,,,5,0,0,0,0,3,3,3,3,3,0,8,5,276,175,6,7,7,13,3,8,0,0,sell,,,1,4,0,1,35,10,5,2,24,7,3,3,12,3,2,5,44,308.219,1,run_20261009_170037_sloppy_17.jsonl
run_20261009_170038_sloppy_18,sloppy,sloppy,0,18,dab9037,autoplay,to_be_continued,5,5,,303.287,5.041,149,12,120,0.442,0.383,0.175,17,0.882,150,5750,5600,,12,3,0,0,0,0,0,3,4,1,2,97,,12,400,5000,200,,,,,5,0,0,0,0,3,3,3,3,3,0,7,4,230,115,4,2,2,11,5,11,0,0,sell,,,1,4,0,1,39,13,2,,31,5,6,,10,2,2,,49,303.287,1,run_20261009_170038_sloppy_18.jsonl
run_20261009_170044_sloppy_19,sloppy,sloppy,0,19,dab9037,autoplay,to_be_continued,5,5,,325.881,5.437,152,13,120,0.433,0.325,0.242,19,0.789,150,5750,5600,,12,3,0,0,0,0,0,3,4,1,,86,1,12,400,5000,200,,,,,5,0,0,0,0,3,3,3,3,3,0,7,4,215,145,4,4,4,11,4,11,0,53,sell,,,1,3,0,1,31,10,19,,10,6,10,,13,4,11,,37,325.881,1,run_20261009_170044_sloppy_19.jsonl
run_20261009_170044_sloppy_20,sloppy,sloppy,0,20,dab9037,autoplay,to_be_continued,5,5,,343.177,5.714,149,12,120,0.367,0.342,0.292,17,0.647,150,5750,5600,,12,3,0,0,0,0,0,3,4,1,,22,,12,400,5000,200,,,,,5,0,0,0,0,3,3,3,3,3,0,6,2,155,130,3,6,6,8,2,0,0,36,sell,,,1,3,0,1,25,6,17,,18,4,13,,18,,10,,34,343.177,1,run_20261009_170044_sloppy_20.jsonl
run_20261009_170045_sloppy_21,sloppy,sloppy,0,21,dab9037,autoplay,game_over,2,2,All your pets have fallen to Toothless.,106.742,1.772,41,3,30,0.4,0.4,0.2,8,0.625,150,250,100,,3,3,0,0,0,0,0,1,2,1,,,,3,100,,,,,,,2,0,3,,,,3,0,,,,3,2,104,120,,3,3,5,5,55,0,70,n/a,1,,,2,0,1,14,,6,,6,,1,,5,,3,,9,106.742,,run_20261009_170045_sloppy_21.jsonl
run_20261009_170048_sloppy_22,sloppy,sloppy,0,22,dab9037,autoplay,to_be_continued,5,5,,344.293,5.732,154,12,120,0.408,0.383,0.208,22,0.682,150,5750,5600,,12,3,0,0,0,0,0,3,4,1,,38,,12,400,5000,200,,,,,5,0,0,0,0,3,3,3,3,3,0,10,,158,135,5,7,7,10,1,18,0,0,sell,,,1,4,0,1,35,5,18,,23,2,14,,9,3,8,,38,344.293,1,run_20261009_170048_sloppy_22.jsonl
run_20261009_170050_sloppy_23,sloppy,sloppy,0,23,dab9037,autoplay,to_be_continued,5,5,,389.949,6.505,148,12,120,0.3,0.442,0.258,16,0.938,150,5750,5600,,12,3,0,0,0,0,0,3,4,1,,76,,12,400,5000,200,,,,,5,0,0,0,0,3,3,3,3,3,0,9,3,201,155,3,1,1,12,8,20,0,0,sell,,,1,3,0,1,29,14,15,9,15,3,11,7,10,3,4,4,25,389.949,1,run_20261009_170050_sloppy_23.jsonl
run_20261009_170051_sloppy_24,sloppy,sloppy,0,24,dab9037,autoplay,game_over,2,2,All your pets have fallen to Toothless.,104.541,1.742,49,3,30,0.4,0.4,0.2,16,0.563,150,250,100,,3,3,0,0,0,0,0,1,2,1,,,,3,100,,,,,,,2,0,3,,,,3,0,,,,3,2,104,120,4,7,7,5,1,55,0,30,n/a,1,,,2,0,1,14,,,,12,,,,6,,,,12,104.541,,run_20261009_170051_sloppy_24.jsonl
run_20261009_170054_sloppy_25,sloppy,sloppy,0,25,dab9037,autoplay,game_over,2,2,All your pets have fallen to Toothless.,115.027,1.912,44,3,30,0.4,0.5,0.1,11,0.727,150,250,100,,3,3,0,0,0,0,0,1,2,1,,,,3,100,,,,,,,2,0,3,,,,3,0,,,,4,2,100,105,2,3,3,6,4,55,0,80,n/a,1,,,1,0,1,17,,11,,4,,3,,,,6,,6,115.027,,run_20261009_170054_sloppy_25.jsonl
run_20261009_170055_sloppy_26,sloppy,sloppy,0,26,dab9037,autoplay,game_over,2,2,All your pets have fallen to Toothless.,129.812,2.159,46,3,30,0.233,0.5,0.267,13,0.538,150,250,100,,3,3,0,0,0,0,0,1,2,1,,,,3,100,,,,,,,2,0,3,,,,3,0,,,,4,,60,105,3,6,6,4,1,55,0,65,n/a,1,,,1,0,1,12,,5,6,4,,4,3,1,,1,1,5,129.812,,run_20261009_170055_sloppy_26.jsonl
run_20261009_170058_sloppy_27,sloppy,sloppy,0,27,dab9037,autoplay,to_be_continued,5,5,,311.668,5.209,143,12,120,0.508,0.292,0.2,11,0.818,150,5750,5600,,12,3,0,0,0,0,0,3,4,1,1,19,,12,400,5000,200,,,,,5,0,0,0,0,3,3,3,3,3,0,7,1,152,125,1,2,2,8,6,0,0,0,sell,,,1,4,0,1,36,2,14,,19,4,5,,15,4,1,,56,311.668,1,run_20261009_170058_sloppy_27.jsonl
run_20261009_170058_sloppy_28,sloppy,sloppy,0,28,dab9037,autoplay,to_be_continued,5,5,,345.093,5.742,146,12,120,0.375,0.475,0.15,14,0.643,150,5750,5600,,12,3,0,0,0,0,0,4,5,1,,38,,12,400,5000,200,,,,,5,0,0,0,0,3,3,3,3,3,0,4,4,167,145,1,5,5,8,4,0,0,54,sell,,,1,3,0,1,2,,26,,31,,8,,10,,16,,29,345.093,1,run_20261009_170058_sloppy_28.jsonl
run_20261009_170059_sloppy_29,sloppy,sloppy,0,29,dab9037,autoplay,to_be_continued,5,5,,334.996,5.575,152,12,120,0.342,0.408,0.25,20,0.8,150,5750,5600,,12,3,0,0,0,0,0,3,4,1,,70,,12,400,5000,200,,,,,5,0,0,0,0,3,3,3,3,3,0,9,2,203,130,5,4,4,11,3,9,0,35,sell,,,1,3,0,1,30,14,21,,14,5,12,,13,1,7,,33,334.996,1,run_20261009_170059_sloppy_29.jsonl
run_20261009_170104_sloppy_30,sloppy,sloppy,0,30,dab9037,autoplay,to_be_continued,5,4,,319.433,5.327,145,12,120,0.392,0.475,0.133,13,0.615,150,5750,5600,,12,3,0,0,0,0,0,4,5,1,2,,,12,400,5000,200,,,,,5,0,0,0,0,3,3,3,3,3,0,3,3,129,105,2,5,5,6,2,71,0,0,sell,,1,,4,0,1,4,18,9,,30,4,1,,11,8,,,39,319.433,1,run_20261009_170104_sloppy_30.jsonl
run_20261009_170106_sloppy_31,sloppy,sloppy,0,31,dab9037,autoplay,to_be_continued,5,5,,332.696,5.547,148,12,120,0.4,0.392,0.208,16,0.625,150,5750,5600,,12,3,0,0,0,0,0,3,4,1,1,19,,12,400,5000,200,,,,,5,0,0,0,0,3,3,3,3,3,0,7,1,152,130,2,6,6,8,2,50,0,0,sell,,,1,4,0,1,35,17,11,,19,6,6,,13,7,3,,38,332.696,1,run_20261009_170106_sloppy_31.jsonl
run_20261009_170106_sloppy_32,sloppy,sloppy,0,32,dab9037,autoplay,to_be_continued,5,5,,303.703,5.056,159,12,120,0.458,0.283,0.258,27,0.815,150,5750,5600,,12,3,0,0,0,0,0,3,4,1,2,147,,12,400,5000,200,,,,,5,0,0,0,0,3,3,3,3,3,0,8,5,276,130,9,5,5,13,2,0,0,0,sell,,,1,4,0,1,29,6,4,2,22,2,5,5,19,2,1,3,49,303.703,1,run_20261009_170106_sloppy_32.jsonl
run_20261009_170111_sloppy_33,sloppy,sloppy,0,33,dab9037,autoplay,to_be_continued,5,5,,267.962,4.479,154,13,120,0.417,0.342,0.242,21,0.81,150,5750,5600,,12,3,0,0,0,0,0,3,4,1,1,109,1,12,400,5000,200,,,,,5,0,0,0,0,3,3,3,3,3,0,6,5,238,125,6,4,4,11,3,0,0,12,sell,,,1,4,0,1,31,,10,,31,,4,,25,,6,,44,267.962,1,run_20261009_170111_sloppy_33.jsonl
run_20261009_170112_sloppy_34,sloppy,sloppy,0,34,dab9037,autoplay,to_be_continued,5,5,,266.979,4.448,146,12,120,0.508,0.325,0.167,14,0.786,150,5750,5600,,12,3,0,0,0,0,0,4,5,1,2,60,,12,400,5000,200,,,,,5,0,0,0,0,3,3,3,3,3,0,4,4,182,115,3,3,3,8,4,0,0,0,sell,,,1,5,0,1,0,,3,,36,,5,,15,,2,,59,266.979,1,run_20261009_170112_sloppy_34.jsonl
run_20261009_170113_sloppy_35,sloppy,sloppy,0,35,dab9037,autoplay,to_be_continued,5,5,,320.866,5.343,149,12,120,0.467,0.358,0.175,17,0.706,150,5750,5600,,12,3,0,0,0,0,0,3,4,1,,54,,12,400,5000,200,,,,,5,0,0,0,0,3,3,3,3,3,0,5,4,183,145,3,5,5,9,3,0,0,56,sell,,,1,3,0,1,39,6,20,5,12,,9,2,10,4,11,3,38,320.866,1,run_20261009_170113_sloppy_35.jsonl
run_20261009_170117_sloppy_36,sloppy,sloppy,0,36,dab9037,autoplay,to_be_continued,5,5,,366.671,6.118,157,12,120,0.467,0.308,0.225,25,0.8,150,5750,5600,,12,3,0,0,0,0,0,3,4,1,,128,,12,400,5000,200,,,,,5,0,0,0,0,3,3,3,3,3,0,10,3,261,155,7,5,5,13,4,20,0,33,sell,,,1,4,0,1,33,9,13,,15,5,8,,14,6,9,,41,366.671,1,run_20261009_170117_sloppy_36.jsonl
run_20261009_170118_sloppy_37,sloppy,sloppy,0,37,dab9037,autoplay,game_over,2,2,All your pets have fallen to Toothless.,110.176,1.834,44,3,30,0.4,0.5,0.1,11,0.636,150,250,100,,3,3,0,0,0,0,0,1,2,1,,,,3,100,,,,,,,2,0,3,,,,3,0,,,,5,2,115,105,,4,4,7,3,55,0,70,n/a,1,,,1,0,1,17,,10,,5,,2,,1,,8,,4,110.176,,run_20261009_170118_sloppy_37.jsonl
run_20261009_170120_sloppy_38,sloppy,sloppy,0,38,dab9037,autoplay,game_over,2,2,All your pets have fallen to Toothless.,101.841,1.692,42,3,30,0.433,0.4,0.167,9,0.667,150,250,100,,3,3,0,0,0,0,0,1,2,1,,,,3,100,,,,,,,2,0,3,,,,3,0,,,,5,1,115,120,,3,3,6,5,55,0,60,n/a,1,,,2,0,1,15,,5,,7,,3,,2,,2,,11,101.841,,run_20261009_170120_sloppy_38.jsonl
run_20261009_170121_sloppy_39,sloppy,sloppy,0,39,dab9037,autoplay,to_be_continued,5,5,,297.138,4.944,150,12,120,0.5,0.333,0.167,18,0.778,150,5750,5600,,12,3,0,0,0,0,0,4,5,1,,71,,12,400,5000,200,,,,,5,0,0,0,0,3,3,3,3,3,0,8,2,197,140,4,4,4,10,4,0,0,7,sell,,,1,4,0,1,0,7,12,,21,2,4,,14,1,14,,45,297.138,1,run_20261009_170121_sloppy_39.jsonl
run_20261009_170123_sloppy_40,sloppy,sloppy,0,40,dab9037,autoplay,game_over,2,2,All your pets have fallen to Toothless.,105.225,1.756,48,4,30,0.333,0.5,0.167,14,0.5,150,250,100,,3,3,0,0,0,0,0,1,2,1,,,1,3,100,,,,,,,2,0,3,,,,3,0,,,,5,,75,105,2,7,7,5,,55,0,80,n/a,1,,,1,0,1,15,,10,,5,,4,,1,,6,,4,105.225,,run_20261009_170123_sloppy_40.jsonl
run_20261009_170124_upgrade-first_1,upgrade-first,upgrade-first,0,1,dab9037,autoplay,to_be_continued,5,5,,274.327,4.568,251,14,140,1,0,0,97,0.938,150,367,600,383,14,3,3,3,0,0,3,1,5,2,3,980,,14,400,,200,25,18,40,300,5,0,0,0,0,3,3,3,5,3,0,51,,1112,200,40,6,6,51,4,0,0,0,refuse,,,2,7,0,2,40,,,,,,,,,,,,140,274.327,1,run_20261009_170124_upgrade-first_1.jsonl
run_20261009_170126_upgrade-first_2,upgrade-first,upgrade-first,0,2,dab9037,autoplay,to_be_continued,5,5,,284.724,4.758,263,14,140,1,0,0,109,0.945,150,367,600,383,14,3,3,3,0,0,3,1,5,2,3,1121,,14,400,,200,25,18,40,300,5,0,0,0,0,3,3,3,5,3,0,58,,1253,215,45,6,6,58,6,0,0,0,refuse,,,2,6,0,2,40,,,,,,,,,,,,140,284.724,1,run_20261009_170126_upgrade-first_2.jsonl
run_20261009_170128_upgrade-first_3,upgrade-first,upgrade-first,0,3,dab9037,autoplay,to_be_continued,5,5,,273.611,4.561,250,14,140,1,0,0,96,0.948,150,367,600,383,14,3,3,3,0,0,3,1,5,2,3,900,,14,400,,200,25,18,40,300,5,0,0,0,0,3,3,3,5,3,0,51,,1032,200,40,5,5,51,5,0,0,0,refuse,,,2,7,0,2,40,,,,,,,,,,,,140,273.611,1,run_20261009_170128_upgrade-first_3.jsonl
run_20261009_170130_upgrade-first_4,upgrade-first,upgrade-first,0,4,dab9037,autoplay,to_be_continued,5,5,,296.888,4.942,273,14,140,1,0,0,119,0.975,150,367,600,383,14,3,3,3,0,0,3,1,5,2,3,1304,,14,400,,200,25,18,40,300,5,0,0,0,0,3,3,3,5,3,0,64,,1436,220,52,3,3,64,8,0,0,0,refuse,,,2,7,0,2,40,,,,,,,,,,,,140,296.888,1,run_20261009_170130_upgrade-first_4.jsonl
run_20261009_170132_upgrade-first_5,upgrade-first,upgrade-first,0,5,dab9037,autoplay,to_be_continued,5,5,,306.053,5.092,282,14,140,1,0,0,128,0.969,150,367,600,383,14,3,3,3,0,0,3,1,5,2,3,1376,,14,400,,200,25,18,40,300,5,0,0,0,0,3,3,3,5,3,0,68,,1508,220,56,4,4,68,7,0,0,0,refuse,,,2,7,0,2,40,,,,,,,,,,,,140,306.053,1,run_20261009_170132_upgrade-first_5.jsonl
run_20261009_170134_upgrade-first_6,upgrade-first,upgrade-first,0,6,dab9037,autoplay,to_be_continued,5,5,,266.462,4.438,239,14,140,1,0,0,85,0.953,150,367,600,383,14,3,3,3,0,0,3,1,5,2,3,880,,14,400,,200,25,18,40,300,5,0,0,0,0,3,3,3,5,3,0,46,,1012,200,35,4,4,46,6,0,0,0,refuse,,,2,7,0,2,40,,,,,,,,,,,,140,266.462,1,run_20261009_170134_upgrade-first_6.jsonl
run_20261009_170137_upgrade-first_7,upgrade-first,upgrade-first,0,7,dab9037,autoplay,to_be_continued,5,5,,301.404,5.02,293,14,140,1,0,0,139,0.935,150,367,600,383,14,3,3,3,0,0,3,1,5,2,3,1280,,14,400,,200,25,18,40,300,5,0,0,0,0,3,3,3,5,3,0,71,,1412,220,59,9,9,71,2,0,0,0,refuse,,,2,7,0,2,40,,,,,,,,,,,,140,301.404,1,run_20261009_170137_upgrade-first_7.jsonl
run_20261009_170139_upgrade-first_8,upgrade-first,upgrade-first,0,8,dab9037,autoplay,to_be_continued,5,5,,317.916,5.312,293,14,140,1,0,0,139,0.978,150,367,600,383,14,3,3,3,0,0,3,1,5,2,3,1504,,14,400,,200,25,18,40,300,5,0,0,0,0,3,3,3,5,3,0,74,,1636,220,62,3,3,74,8,0,0,0,refuse,,,2,7,0,2,40,,,,,,,,,,,,140,317.916,1,run_20261009_170139_upgrade-first_8.jsonl
run_20261009_170140_upgrade-first_9,upgrade-first,upgrade-first,0,9,dab9037,autoplay,to_be_continued,5,5,,326.664,5.452,300,14,140,1,0,0,146,0.973,150,367,600,383,14,3,3,3,0,0,3,1,5,2,3,1568,,14,400,,200,25,18,40,300,5,0,0,0,0,3,3,3,5,3,0,77,,1700,220,65,4,4,77,7,0,0,0,refuse,,,2,7,0,2,40,,,,,,,,,,,,140,326.664,1,run_20261009_170140_upgrade-first_9.jsonl
run_20261009_170143_upgrade-first_10,upgrade-first,upgrade-first,0,10,dab9037,autoplay,to_be_continued,5,5,,349.992,5.832,347,14,140,1,0,0,193,0.959,150,367,600,383,14,3,3,3,0,0,3,1,5,2,3,2304,,14,400,,200,25,18,40,300,5,0,0,0,0,3,3,3,5,3,0,99,,2436,240,86,8,8,99,4,0,0,0,refuse,,,2,7,0,2,40,,,,,,,,,,,,140,349.992,1,run_20261009_170143_upgrade-first_10.jsonl
run_20261009_170146_upgrade-first_11,upgrade-first,upgrade-first,0,11,dab9037,autoplay,to_be_continued,5,5,,296.222,4.925,262,14,140,1,0,0,108,0.972,150,367,600,383,14,3,3,3,0,0,3,1,5,2,3,976,,14,400,,200,25,18,40,300,5,0,0,0,0,3,3,3,5,3,0,58,,1108,200,47,3,3,58,7,0,0,0,refuse,,,2,7,0,2,40,,,,,,,,,,,,140,296.222,1,run_20261009_170146_upgrade-first_11.jsonl
run_20261009_170147_upgrade-first_12,upgrade-first,upgrade-first,0,12,dab9037,autoplay,to_be_continued,5,5,,262.963,4.39,232,14,140,1,0,0,78,0.936,150,367,600,383,14,3,3,3,0,0,3,1,5,2,3,688,,14,400,,200,25,18,40,300,5,0,0,0,0,3,3,3,5,3,0,42,,820,200,31,5,5,42,5,0,0,0,refuse,,,2,7,0,2,40,,,,,,,,,,,,140,262.963,1,run_20261009_170147_upgrade-first_12.jsonl
run_20261009_170150_upgrade-first_13,upgrade-first,upgrade-first,0,13,dab9037,autoplay,to_be_continued,5,5,,358.906,5.989,350,14,140,1,0,0,196,0.969,150,367,600,383,14,3,3,3,0,0,3,1,5,2,3,1720,,14,400,,200,25,18,40,300,5,0,0,0,0,3,3,3,5,3,0,101,,1852,220,89,6,6,101,5,0,0,0,refuse,,,2,7,0,2,40,,,,,,,,,,,,140,358.906,1,run_20261009_170150_upgrade-first_13.jsonl
run_20261009_170152_upgrade-first_14,upgrade-first,upgrade-first,0,14,dab9037,autoplay,to_be_continued,5,5,,335.295,5.596,313,14,140,1,0,0,159,0.987,150,367,600,383,14,3,3,3,0,0,3,1,5,2,3,1872,,14,400,,200,25,18,40,300,5,0,0,0,0,3,3,3,5,3,0,85,,2004,240,72,2,2,85,10,0,0,0,refuse,,,2,7,0,2,40,,,,,,,,,,,,140,335.295,1,run_20261009_170152_upgrade-first_14.jsonl
run_20261009_170153_upgrade-first_15,upgrade-first,upgrade-first,0,15,dab9037,autoplay,to_be_continued,5,5,,301.354,5.008,276,14,140,1,0,0,122,0.934,150,367,600,383,14,3,3,3,0,0,3,1,5,2,3,1376,,14,400,,200,25,18,40,300,5,0,0,0,0,3,3,3,5,3,0,63,,1508,220,51,8,8,63,3,0,0,0,refuse,,,2,7,0,2,40,,,,,,,,,,,,140,301.354,1,run_20261009_170153_upgrade-first_15.jsonl
run_20261009_170158_upgrade-first_16,upgrade-first,upgrade-first,0,16,dab9037,autoplay,to_be_continued,5,5,,285.741,4.771,259,14,140,1,0,0,105,0.971,150,367,600,383,14,3,3,3,0,0,3,1,5,2,3,1168,,14,400,,200,25,18,40,300,5,0,0,0,0,3,3,3,5,3,0,57,,1300,220,45,3,3,57,8,0,0,0,refuse,,,2,7,0,2,40,,,,,,,,,,,,140,285.741,1,run_20261009_170158_upgrade-first_16.jsonl
run_20261009_170159_upgrade-first_17,upgrade-first,upgrade-first,0,17,dab9037,autoplay,to_be_continued,5,5,,301.27,5.026,269,14,140,1,0,0,115,0.983,150,367,600,383,14,3,3,3,0,0,3,1,5,2,3,1147,,14,400,,200,25,18,40,300,5,0,0,0,0,3,3,3,5,3,0,63,,1279,215,50,2,2,63,10,0,0,0,refuse,,,2,6,0,2,40,,,,,,,,,,,,140,301.27,1,run_20261009_170159_upgrade-first_17.jsonl
run_20261009_170159_upgrade-first_18,upgrade-first,upgrade-first,0,18,dab9037,autoplay,to_be_continued,5,5,,345.593,5.769,325,14,140,1,0,0,171,0.965,150,367,600,383,14,3,3,3,0,0,3,1,5,2,3,2024,,14,400,,200,25,18,40,300,5,0,0,0,0,3,3,3,5,3,0,89,,2156,240,76,6,6,89,6,0,0,0,refuse,,,2,7,0,2,40,,,,,,,,,,,,140,345.593,1,run_20261009_170159_upgrade-first_18.jsonl
run_20261009_170204_upgrade-first_19,upgrade-first,upgrade-first,0,19,dab9037,autoplay,to_be_continued,5,5,,343.177,5.729,320,14,140,1,0,0,166,0.97,150,367,600,383,14,3,3,3,0,0,3,1,5,2,3,1848,,14,400,,200,25,18,40,300,5,0,0,0,0,3,3,3,5,3,0,87,,1980,240,74,5,5,87,7,0,0,0,refuse,,,2,7,0,2,40,,,,,,,,,,,,140,343.177,1,run_20261009_170204_upgrade-first_19.jsonl
run_20261009_170206_upgrade-first_20,upgrade-first,upgrade-first,0,20,dab9037,autoplay,to_be_continued,5,5,,256.881,4.288,226,14,140,1,0,0,72,0.958,150,367,600,383,14,3,3,3,0,0,3,1,5,2,3,672,,14,400,,200,25,18,40,300,5,0,0,0,0,3,3,3,5,3,0,40,,804,200,29,3,3,40,7,0,0,0,refuse,,,2,7,0,2,40,,,,,,,,,,,,140,256.881,1,run_20261009_170206_upgrade-first_20.jsonl
run_20261009_170206_upgrade-first_21,upgrade-first,upgrade-first,0,21,dab9037,autoplay,to_be_continued,5,5,,301.07,5.018,284,14,140,1,0,0,130,0.969,150,367,600,383,14,3,3,3,0,0,3,1,5,2,3,1424,,14,400,,200,25,18,40,300,5,0,0,0,0,3,3,3,5,3,0,69,,1556,220,57,4,4,69,7,0,0,0,refuse,,,2,7,0,2,40,,,,,,,,,,,,140,301.07,1,run_20261009_170206_upgrade-first_21.jsonl
run_20261009_170211_upgrade-first_22,upgrade-first,upgrade-first,0,22,dab9037,autoplay,to_be_continued,5,5,,252.882,4.229,229,14,140,1,0,0,75,0.947,150,367,600,383,14,3,3,3,0,0,3,1,5,2,3,900,,14,400,,200,25,18,40,300,5,0,0,0,0,3,3,3,5,3,0,41,,1032,200,30,4,4,41,6,0,0,0,refuse,,,2,7,0,2,40,,,,,,,,,,,,140,252.882,1,run_20261009_170211_upgrade-first_22.jsonl
run_20261009_170211_upgrade-first_23,upgrade-first,upgrade-first,0,23,dab9037,autoplay,to_be_continued,5,5,,242.401,4.047,209,14,140,1,0,0,55,0.927,150,367,600,383,14,3,3,3,0,0,3,1,5,2,3,640,,14,400,,200,25,18,40,300,5,0,0,0,0,3,3,3,5,3,0,31,,772,200,20,4,4,31,6,0,0,0,refuse,,,2,7,0,2,40,,,,,,,,,,,,140,242.401,1,run_20261009_170211_upgrade-first_23.jsonl
run_20261009_170213_upgrade-first_24,upgrade-first,upgrade-first,0,24,dab9037,autoplay,to_be_continued,5,5,,289.573,4.845,284,14,140,1,0,0,130,0.946,150,367,600,383,14,3,3,3,0,0,3,1,5,2,3,1088,,14,400,,200,25,18,40,300,5,0,0,0,0,3,3,3,5,3,0,67,,1220,200,56,7,7,67,3,0,0,0,refuse,,,2,7,0,2,40,,,,,,,,,,,,140,289.573,1,run_20261009_170213_upgrade-first_24.jsonl
run_20261009_170217_upgrade-first_25,upgrade-first,upgrade-first,0,25,dab9037,autoplay,to_be_continued,5,5,,293.306,4.876,257,14,140,1,0,0,103,0.971,150,367,600,383,14,3,3,3,0,0,3,1,5,2,3,1260,,14,400,,200,25,18,40,300,5,0,0,0,0,3,3,3,5,3,0,56,,1392,220,44,3,3,56,8,0,0,0,refuse,,,2,7,0,2,40,,,,,,,,,,,,140,293.306,1,run_20261009_170217_upgrade-first_25.jsonl
run_20261009_170217_upgrade-first_26,upgrade-first,upgrade-first,0,26,dab9037,autoplay,to_be_continued,5,5,,287.124,4.795,262,14,140,1,0,0,108,0.954,150,367,600,383,14,3,3,3,0,0,3,1,5,2,3,928,,14,400,,200,25,18,40,300,5,0,0,0,0,3,3,3,5,3,0,57,,1060,200,46,5,5,57,5,0,0,0,refuse,,,2,7,0,2,40,,,,,,,,,,,,140,287.124,1,run_20261009_170217_upgrade-first_26.jsonl
run_20261009_170219_upgrade-first_27,upgrade-first,upgrade-first,0,27,dab9037,autoplay,to_be_continued,5,5,,341.194,5.686,324,14,140,1,0,0,170,0.976,150,367,600,383,14,3,3,3,0,0,3,1,5,2,3,1664,,14,400,,200,25,18,40,300,5,0,0,0,0,3,3,3,5,3,0,89,,1796,220,77,4,4,89,7,0,0,0,refuse,,,2,7,0,2,40,,,,,,,,,,,,140,341.194,1,run_20261009_170219_upgrade-first_27.jsonl
run_20261009_170223_upgrade-first_28,upgrade-first,upgrade-first,0,28,dab9037,autoplay,to_be_continued,5,5,,313.001,5.23,297,14,140,1,0,0,143,0.972,150,367,600,383,14,3,3,3,0,0,3,1,5,2,3,1820,,14,400,,200,25,18,40,300,5,0,0,0,0,3,3,3,5,3,0,76,,1952,240,63,4,4,76,8,0,0,0,refuse,,,2,7,0,2,40,,,,,,,,,,,,140,313.001,1,run_20261009_170223_upgrade-first_28.jsonl
run_20261009_170223_upgrade-first_29,upgrade-first,upgrade-first,0,29,dab9037,autoplay,to_be_continued,5,5,,275.227,4.593,243,14,140,1,0,0,89,0.989,150,367,600,383,14,3,3,3,0,0,3,1,5,2,3,1112,,14,400,,200,25,18,40,300,5,0,0,0,0,3,3,3,5,3,0,50,,1244,220,38,1,1,50,10,0,0,0,refuse,,,2,7,0,2,40,,,,,,,,,,,,140,275.227,1,run_20261009_170223_upgrade-first_29.jsonl
run_20261009_170226_upgrade-first_30,upgrade-first,upgrade-first,0,30,dab9037,autoplay,to_be_continued,5,5,,274.844,4.576,243,14,140,1,0,0,89,0.955,150,367,600,383,14,3,3,3,0,0,3,1,5,2,3,976,,14,400,,200,25,18,40,300,5,0,0,0,0,3,3,3,5,3,0,48,,1108,200,37,4,4,48,6,0,0,0,refuse,,,2,7,0,2,40,,,,,,,,,,,,140,274.844,1,run_20261009_170226_upgrade-first_30.jsonl
run_20261009_170229_upgrade-first_31,upgrade-first,upgrade-first,0,31,dab9037,autoplay,to_be_continued,5,5,,269.928,4.502,241,14,140,1,0,0,87,0.931,150,367,600,383,14,3,3,3,0,0,3,1,5,2,3,900,,14,400,,200,25,18,40,300,5,0,0,0,0,3,3,3,5,3,0,46,,1032,200,35,6,6,46,4,0,0,0,refuse,,,2,7,0,2,40,,,,,,,,,,,,140,269.928,1,run_20261009_170229_upgrade-first_31.jsonl
run_20261009_170230_upgrade-first_32,upgrade-first,upgrade-first,0,32,dab9037,autoplay,to_be_continued,5,5,,260.797,4.358,232,14,140,1,0,0,78,0.987,150,367,600,383,14,3,3,3,0,0,3,1,5,2,3,764,,14,400,,200,25,18,40,300,5,0,0,0,0,3,3,3,5,3,0,44,,896,200,33,1,1,44,9,0,0,0,refuse,,,2,7,0,2,40,,,,,,,,,,,,140,260.797,1,run_20261009_170230_upgrade-first_32.jsonl
run_20261009_170232_upgrade-first_33,upgrade-first,upgrade-first,0,33,dab9037,autoplay,to_be_continued,5,5,,389.649,6.503,380,14,140,1,0,0,226,0.978,150,367,600,383,14,3,3,3,0,0,3,1,5,2,3,2956,,14,400,,200,25,18,40,300,5,0,0,0,0,3,3,3,5,3,0,118,,3088,280,103,5,5,118,9,0,0,0,refuse,,,2,7,0,2,40,,,,,,,,,,,,140,389.649,1,run_20261009_170232_upgrade-first_33.jsonl
run_20261009_170235_upgrade-first_34,upgrade-first,upgrade-first,0,34,dab9037,autoplay,to_be_continued,5,5,,353.974,5.906,334,14,140,1,0,0,180,0.972,150,367,600,383,14,3,3,3,0,0,3,1,5,2,3,1984,,14,400,,200,25,18,40,300,5,0,0,0,0,3,3,3,5,3,0,94,,2116,240,81,5,5,94,7,0,0,0,refuse,,,2,7,0,2,40,,,,,,,,,,,,140,353.974,1,run_20261009_170235_upgrade-first_34.jsonl
run_20261009_170235_upgrade-first_35,upgrade-first,upgrade-first,0,35,dab9037,autoplay,to_be_continued,5,5,,280.276,4.678,253,14,140,1,0,0,99,0.96,150,367,600,383,14,3,3,3,0,0,3,1,5,2,3,836,,14,400,,200,25,18,40,300,5,0,0,0,0,3,3,3,5,3,0,53,,968,200,42,4,4,53,6,0,0,0,refuse,,,2,7,0,2,40,,,,,,,,,,,,140,280.276,1,run_20261009_170235_upgrade-first_35.jsonl
run_20261009_170240_upgrade-first_36,upgrade-first,upgrade-first,0,36,dab9037,autoplay,to_be_continued,5,5,,314.95,5.27,288,14,140,1,0,0,134,0.963,150,367,600,383,14,3,3,3,0,0,3,1,5,2,3,1620,,14,400,,200,25,18,40,300,5,0,0,0,0,3,3,3,5,3,0,71,,1752,240,58,5,5,71,7,0,0,0,refuse,,,2,7,0,2,40,,,,,,,,,,,,140,314.95,1,run_20261009_170240_upgrade-first_36.jsonl
run_20261009_170242_upgrade-first_37,upgrade-first,upgrade-first,0,37,dab9037,autoplay,to_be_continued,5,5,,248.95,4.162,221,14,140,1,0,0,67,0.91,150,367,600,383,14,3,3,3,0,0,3,1,5,2,3,660,,14,400,,200,25,18,40,300,5,0,0,0,0,3,3,3,5,3,0,36,,792,200,25,6,6,36,4,0,0,0,refuse,,,2,7,0,2,40,,,,,,,,,,,,140,248.95,1,run_20261009_170242_upgrade-first_37.jsonl
run_20261009_170243_upgrade-first_38,upgrade-first,upgrade-first,0,38,dab9037,autoplay,to_be_continued,5,5,,277.276,4.623,250,14,140,1,0,0,96,0.948,150,367,600,383,14,3,3,3,0,0,3,1,5,2,3,840,,14,400,,200,25,18,40,300,5,0,0,0,0,3,3,3,5,3,0,51,,972,200,40,5,5,51,5,0,0,0,refuse,,,2,7,0,2,40,,,,,,,,,,,,140,277.276,1,run_20261009_170243_upgrade-first_38.jsonl
run_20261009_170247_upgrade-first_39,upgrade-first,upgrade-first,0,39,dab9037,autoplay,to_be_continued,5,5,,362.239,6.032,342,14,140,1,0,0,188,0.989,150,367,600,383,14,3,3,3,0,0,3,1,5,2,3,2372,,14,400,,200,25,18,40,300,5,0,0,0,0,3,3,3,5,3,0,100,,2504,260,86,2,2,100,11,0,0,0,refuse,,,2,7,0,2,40,,,,,,,,,,,,140,362.239,1,run_20261009_170247_upgrade-first_39.jsonl
run_20261009_170247_upgrade-first_40,upgrade-first,upgrade-first,0,40,dab9037,autoplay,to_be_continued,5,5,,348.875,5.823,328,14,140,1,0,0,174,0.954,150,367,600,383,14,3,3,3,0,0,3,1,5,2,2,1756,,14,400,,200,25,18,40,300,5,0,0,0,0,3,3,3,5,3,0,90,,1888,235,76,8,8,90,5,0,0,0,refuse,,,2,6,0,2,40,,,,,,,,,,,,140,348.875,1,run_20261009_170247_upgrade-first_40.jsonl
run_20261009_170249_human_1,human,human,0,1,dab9037,autoplay,to_be_continued,5,5,,259.647,4.328,76,6,60,0.933,0,0.067,10,0.8,150,285,400,265,6,11,2,2,0,0,2,0,3,1,,95,,6,400,,,25,,40,200,5,2,2,2,2,3,1,1,3,1,0,5,1,95,100,2,2,2,6,3,80,0,55,refuse,,,1,1,0,1,26,,,,,2,1,1,,28,19,9,,259.647,,run_20261009_170249_human_1.jsonl
run_20261009_170254_human_2,human,human,0,2,dab9037,autoplay,to_be_continued,5,5,,319.933,5.334,127,10,100,0.82,0.02,0.16,17,0.882,150,185,400,365,10,7,3,3,0,0,3,0,4,1,,165,,10,400,,,25,,40,300,5,1,1,1,1,3,2,2,4,2,0,5,5,165,100,5,2,2,10,3,0,0,76,refuse,,,1,2,0,1,24,,,2,,,4,11,1,,16,47,19,319.933,,run_20261009_170254_human_2.jsonl
run_20261009_170255_human_3,human,human,0,3,dab9037,autoplay,to_be_continued,5,5,,308.819,5.149,140,10,100,0.79,0,0.21,30,0.733,150,367,600,383,10,7,3,3,0,0,3,0,4,2,,100,,10,400,,200,25,18,40,300,5,1,1,1,1,3,2,2,4,2,0,14,2,220,200,6,8,8,16,3,34.5,0,20,refuse,,,2,2,0,2,19,,,,,16,5,,,44,25,,10,308.819,1,run_20261009_170255_human_3.jsonl
run_20261009_170255_human_4,human,human,0,4,dab9037,autoplay,to_be_continued,5,5,,173.135,2.881,56,4,40,0.975,0.025,0,12,0.833,150,307,400,243,4,11,2,2,0,0,2,0,3,1,,97,,4,400,,,25,18,,200,5,2,2,2,2,3,1,1,1,1,0,2,5,97,80,3,2,2,7,2,45,0,50,refuse,,,1,1,0,1,10,,,1,,,,,,10,20,9,,173.135,,run_20261009_170255_human_4.jsonl
run_20261009_170259_human_5,human,human,0,5,dab9037,autoplay,to_be_continued,5,5,,275.96,4.603,171,12,120,0.892,0.05,0.058,39,0.897,150,560,600,190,12,8,1,0,1,0,3,1,5,2,,250,,12,400,,200,,,40,150,5,1,1,1,1,4,2,2,5,3,0,1,20,370,180,14,4,4,21,5,0,0,62,refuse,,,2,3,0,2,13,,,,6,,7,,,,63,,44,275.96,1,run_20261009_170259_human_5.jsonl
run_20261009_170301_human_6,human,human,0,6,dab9037,autoplay,to_be_continued,5,5,,256.398,4.261,158,12,120,0.942,0,0.058,26,0.885,150,5450,5600,300,12,3,3,3,0,0,3,1,5,1,,260,,12,400,5000,200,,,,300,5,0,0,0,0,3,3,3,3,3,0,9,7,382,165,7,3,3,16,6,0,0,0,sell,,,1,5,0,1,13,,,,,,2,2,3,,28,8,77,256.398,1,run_20261009_170301_human_6.jsonl
run_20261009_170301_human_7,human,human,0,7,dab9037,autoplay,to_be_continued,5,5,,293.489,4.879,165,6,60,0.967,0.033,0,99,0.96,150,672,600,78,6,11,1,0,0,1,2,1,4,2,1,684,,6,400,,200,,18,40,20,5,2,2,2,2,3,1,1,3,1,0,10,43,819,200,42,4,4,53,6,0,0,0,refuse,,,2,3,0,2,0,,,,2,,,,,,,30,28,293.489,1,run_20261009_170301_human_7.jsonl
run_20261009_170305_human_8,human,human,0,8,dab9037,autoplay,to_be_continued,5,5,,281.475,4.695,151,12,120,0.933,0.008,0.058,19,0.895,150,510,400,40,12,3,2,0,0,2,4,0,5,1,,137,,12,400,,,,,,40,5,0,0,0,0,3,3,3,3,3,0,7,4,137,100,6,2,2,11,3,44,0,40,refuse,,,1,1,0,1,13,,,1,,1,3,3,,19,47,46,,281.475,,run_20261009_170305_human_8.jsonl
run_20261009_170307_human_9,human,human,0,9,dab9037,autoplay,to_be_continued,5,5,,320.216,5.357,131,11,110,0.709,0.027,0.264,10,0.7,150,342,400,208,11,8,1,0,1,0,3,0,4,1,,98,,11,400,,,,18,40,150,5,1,1,1,1,4,2,2,4,3,0,2,3,98,100,2,3,3,5,2,0,0,20,refuse,,,1,3,0,1,21,,,,3,5,5,13,6,5,15,27,31,320.216,,run_20261009_170307_human_9.jsonl
run_20261009_170308_human_10,human,human,0,10,dab9037,autoplay,to_be_continued,5,5,,191.131,3.176,74,6,60,0.833,0.117,0.05,8,0.75,150,465,400,85,6,11,1,0,0,1,2,0,3,1,1,116,,6,400,,,25,,40,20,5,2,2,2,2,3,1,1,3,1,0,2,3,116,100,1,2,2,5,3,5,0,0,refuse,,,1,4,0,1,27,,,,7,1,,,2,9,,,41,191.131,,run_20261009_170308_human_10.jsonl
run_20261009_170311_human_11,human,human,0,11,dab9037,autoplay,to_be_continued,5,5,,347.409,5.773,114,8,80,0.875,0,0.125,26,0.846,150,5450,5600,300,8,7,3,3,0,0,3,0,4,1,2,154,,8,400,5000,200,,,,300,5,1,1,1,1,3,2,2,2,2,0,7,6,276,110,9,4,4,13,2,85,0,0,sell,,,1,2,0,1,10,,,,,9,,1,,31,,19,20,347.409,1,run_20261009_170311_human_11.jsonl
run_20261009_170313_human_12,human,human,0,12,dab9037,autoplay,to_be_continued,5,5,,355.241,5.909,138,10,100,0.77,0.01,0.22,28,0.857,150,367,600,383,10,7,3,3,0,0,3,0,4,2,,137,,10,400,,200,25,18,40,300,5,1,1,1,1,3,2,2,4,2,0,1,16,257,185,7,4,4,17,6,0,0,61.5,refuse,,,2,1,0,2,18,,,1,,,10,12,,,40,37,,355.241,1,run_20261009_170313_human_12.jsonl
run_20261009_170314_human_13,human,human,0,13,dab9037,autoplay,to_be_continued,5,5,,177.734,2.964,53,4,40,0.775,0.025,0.2,9,0.778,150,325,400,225,4,11,2,2,0,0,2,0,3,1,,59,,4,400,,,25,,,200,5,2,2,2,2,3,1,1,1,1,0,4,1,59,80,2,2,2,5,2,20,0,0,refuse,,,1,1,0,1,2,,,,1,5,,3,,15,,7,9,177.734,,run_20261009_170314_human_13.jsonl
run_20261009_170318_human_14,human,human,0,14,dab9037,autoplay,to_be_continued,5,5,,267.245,4.446,109,8,80,0.975,0,0.025,21,0.952,150,5450,5600,300,8,7,3,3,0,0,3,0,4,1,,227,,8,400,5000,200,,,,300,5,1,1,1,1,3,2,2,2,2,0,1,13,352,150,6,1,1,14,7,20,0,0,sell,,,1,4,0,1,18,,,,,2,,,,18,10,,50,267.245,1,run_20261009_170318_human_14.jsonl
run_20261009_170318_human_15,human,human,0,15,dab9037,autoplay,to_be_continued,5,5,,325.698,5.429,146,12,120,0.85,0,0.15,14,0.786,150,225,400,325,12,3,3,3,0,0,3,1,5,1,,115,,12,400,,,25,,,300,5,0,0,0,0,3,3,3,3,3,0,5,2,115,100,4,3,3,7,2,85,0,45,refuse,,,1,1,0,1,2,,,,,5,5,7,1,35,25,33,9,325.698,,run_20261009_170318_human_15.jsonl
run_20261009_170320_human_16,human,human,0,16,dab9037,autoplay,to_be_continued,5,5,,238.019,3.959,116,9,90,0.856,0,0.144,17,0.765,150,382,400,168,9,8,1,0,1,0,3,0,4,1,,147,,9,400,,,,18,,150,5,1,1,1,1,4,2,2,2,3,0,1,7,147,100,5,4,4,8,1,0,0,80,refuse,,,1,2,0,1,17,,,,,,8,4,1,,52,6,19,238.019,,run_20261009_170320_human_16.jsonl
run_20261009_170324_human_17,human,human,0,17,dab9037,autoplay,to_be_continued,5,5,,345.01,5.755,217,14,140,0.886,0.071,0.043,63,0.952,150,452,400,98,14,3,2,0,0,2,4,0,5,1,1,1100,,14,400,,,,18,40,40,5,0,0,0,0,3,3,3,5,3,0,22,11,1100,160,27,3,3,33,5,85,0,30,refuse,,,1,5,0,1,34,1,,,9,3,,,3,66,10,,48,345.01,,run_20261009_170324_human_17.jsonl
run_20261009_170325_human_18,human,human,0,18,dab9037,autoplay,to_be_continued,5,5,,306.469,5.101,172,12,120,0.858,0.008,0.133,40,0.825,150,560,600,190,12,8,1,0,1,0,3,1,5,2,,251,,12,400,,200,,,40,150,5,1,1,1,1,4,2,2,5,3,0,7,15,381,205,11,7,7,22,6,34,0,65,refuse,,,2,2,0,2,4,,1,,,6,5,5,,24,54,15,10,306.469,1,run_20261009_170325_human_18.jsonl
run_20261009_170325_human_19,human,human,0,19,dab9037,autoplay,to_be_continued,5,5,,365.671,6.102,169,15,150,0.793,0,0.207,4,0.5,150,317,400,233,15,5,1,0,1,0,3,1,5,1,2,30,,15,400,,,25,18,40,150,5,0,0,0,1,4,3,3,6,3,0,2,,30,60,,2,2,2,1,85,0,0,refuse,,,1,1,0,1,19,,,,,5,,26,,25,,94,,365.671,,run_20261009_170325_human_19.jsonl
run_20261009_170332_human_20,human,human,0,20,dab9037,autoplay,to_be_continued,5,5,,269.028,4.49,152,10,100,0.95,0.01,0.04,42,0.929,150,410,600,340,10,7,3,3,0,0,3,0,4,2,,180,,10,400,,200,,,40,300,5,1,1,1,1,3,2,2,4,2,0,13,10,315,140,16,3,3,23,4,17,0,67.5,refuse,,,2,1,0,2,36,,1,,,1,3,,,19,76,,,269.028,1,run_20261009_170332_human_20.jsonl
run_20261009_170332_human_21,human,human,0,21,dab9037,autoplay,to_be_continued,5,5,,201.778,3.378,105,6,60,0.967,0,0.033,39,0.846,150,267,400,283,6,11,2,2,0,0,2,0,3,1,1,554,,6,400,,,25,18,40,200,5,2,2,2,2,3,1,1,3,1,0,2,17,554,120,14,6,6,19,,68,0,0,refuse,,,1,3,0,1,28,,,,,2,,,,18,,10,30,201.778,,run_20261009_170332_human_21.jsonl
run_20261009_170333_human_22,human,human,0,22,dab9037,autoplay,to_be_continued,5,5,,342.61,5.709,152,12,120,0.817,0,0.183,20,0.8,150,5450,5600,300,12,3,3,3,0,0,3,0,4,1,,48,,12,400,5000,200,,,,300,5,0,0,0,0,3,3,3,3,3,0,8,3,183,155,5,4,4,11,5,0,0,25,sell,,,1,3,0,1,38,,,,,,10,6,6,,40,4,54,342.61,1,run_20261009_170333_human_22.jsonl
run_20261009_170337_human_23,human,human,0,23,dab9037,autoplay,to_be_continued,5,5,,290.806,4.843,103,8,80,0.975,0,0.025,15,0.933,150,250,400,300,8,7,3,3,0,0,3,0,4,1,,127,,8,400,,,,,,300,5,1,1,1,1,3,2,2,2,2,0,2,7,127,80,5,1,1,9,3,0,0,80,refuse,,,1,1,0,1,18,,,,,,2,,,,78,,,290.806,,run_20261009_170337_human_23.jsonl
run_20261009_170338_human_24,human,human,0,24,dab9037,autoplay,game_over,2,2,All your pets have fallen to Toothless.,94.823,1.572,23,1,10,0.4,0,0.6,12,0.75,150,250,100,,1,5,0,0,0,0,0,0,1,1,,,,1,100,,,,,,,2,2,3,,,,1,0,,,,5,2,115,105,2,3,3,7,4,55,0,55,n/a,1,,,1,0,1,4,,,,,,,6,,,,4,,94.823,,run_20261009_170338_human_24.jsonl
run_20261009_170340_human_25,human,human,0,25,dab9037,autoplay,to_be_continued,5,5,,286.207,4.771,142,10,100,0.87,0.02,0.11,32,0.844,150,385,600,365,10,7,3,3,0,0,3,0,4,2,,267,,10,400,,200,25,,40,300,5,1,1,1,1,3,2,2,4,2,0,4,16,397,235,7,5,5,20,9,2.5,0,31.5,refuse,,,2,3,0,2,29,,1,,1,2,6,,3,8,33,,46,286.207,1,run_20261009_170340_human_25.jsonl
run_20261009_170341_human_26,human,human,0,26,dab9037,autoplay,to_be_continued,5,5,,382.667,6.379,180,12,120,0.992,0.008,0,48,0.979,150,232,400,318,12,3,3,3,0,0,3,1,5,1,1,774,,12,400,,,,18,,300,5,0,0,0,0,3,3,3,3,3,0,19,8,774,140,20,1,1,27,6,65,0,40,refuse,,,1,4,0,1,20,,,,1,,,,,20,10,40,49,382.667,,run_20261009_170341_human_26.jsonl
run_20261009_170343_human_27,human,human,0,27,dab9037,autoplay,to_be_continued,5,5,,215.241,3.593,75,4,40,0.975,0,0.025,31,0.935,150,5750,5600,,4,11,0,0,0,0,0,2,3,1,,130,,4,400,5000,200,,,,,5,2,2,2,2,3,1,1,1,1,0,9,8,250,110,12,2,2,17,4,0,0,80,sell,,,1,1,0,1,9,,,,,,1,,,,39,,,215.241,1,run_20261009_170343_human_27.jsonl
run_20261009_170347_human_28,human,human,0,28,dab9037,autoplay,to_be_continued,5,5,,299.621,4.992,171,13,130,0.831,0.046,0.123,28,0.929,150,400,400,150,13,5,1,0,1,0,3,1,5,1,,352,,13,400,,,,,,150,5,0,0,0,1,4,3,3,4,3,0,,16,352,120,10,2,2,16,4,20,0,80,refuse,,,1,3,0,1,14,,1,,5,7,6,,3,23,43,10,32,299.621,,run_20261009_170347_human_28.jsonl
run_20261009_170348_human_29,human,human,0,29,dab9037,autoplay,to_be_continued,5,5,,227.005,3.776,111,9,90,0.789,0,0.211,12,0.667,150,382,400,168,9,8,1,0,1,0,3,0,4,1,,85,,9,400,,,,18,,150,5,1,1,1,1,4,2,2,2,3,0,2,3,85,100,3,4,4,5,1,0,0,51,refuse,,,1,2,0,1,11,,,,,4,4,10,1,6,16,30,19,227.005,,run_20261009_170348_human_29.jsonl
run_20261009_170349_human_30,human,human,0,30,dab9037,autoplay,to_be_continued,5,5,,187.865,3.125,59,4,40,0.9,0,0.1,15,0.933,150,507,400,43,4,11,0,0,0,0,0,2,3,1,,135,,4,400,,,25,18,,,5,2,2,2,2,3,1,1,1,1,0,,9,135,80,5,1,1,9,3,0,0,80,refuse,,,1,1,0,1,6,,,,,,1,3,,,19,17,,187.865,,run_20261009_170349_human_30.jsonl
run_20261009_170353_human_31,human,human,0,31,dab9037,autoplay,to_be_continued,5,5,,324.265,5.391,182,14,140,0.85,0.014,0.136,28,0.929,150,5600,5600,150,14,4,1,0,1,0,3,1,5,1,2,274,,14,400,5000,200,,,,150,5,0,0,0,0,4,3,3,4,4,0,10,7,403,150,9,2,2,17,6,74,0,0,sell,,,1,3,0,1,21,,,,2,11,,7,1,49,,33,37,324.265,1,run_20261009_170353_human_31.jsonl
run_20261009_170353_human_32,human,human,0,32,dab9037,autoplay,to_be_continued,5,5,,221.423,3.69,121,10,100,0.82,0.04,0.14,11,0.636,150,192,400,358,10,7,3,3,0,0,3,0,4,1,2,134,,10,400,,,,18,40,300,5,1,1,1,1,3,2,2,4,2,0,2,3,134,100,2,4,4,5,1,85,0,0,refuse,,,1,3,0,1,26,2,,,2,11,,,3,47,,,35,221.423,,run_20261009_170353_human_32.jsonl
run_20261009_170354_human_33,human,human,0,33,dab9037,autoplay,to_be_continued,5,5,,240.335,3.99,141,6,60,0.967,0,0.033,75,0.92,150,467,600,283,6,11,2,2,0,0,2,0,3,2,,318,,6,400,,200,25,18,40,200,5,2,2,2,2,3,1,1,3,1,0,25,13,443,180,31,6,6,38,3,10,0,40,refuse,,,2,1,0,2,28,,,,,1,,,1,19,20,10,9,240.335,1,run_20261009_170354_human_33.jsonl
run_20261009_170359_human_34,human,human,0,34,dab9037,autoplay,to_be_continued,5,5,,481.26,8.008,148,10,100,0.77,0,0.23,38,0.763,150,367,600,383,10,7,3,3,0,0,3,0,4,2,1,170,,10,400,,200,25,18,40,300,5,1,1,1,1,3,2,2,4,2,0,6,13,300,255,10,9,9,19,5,49,0,0,refuse,,,2,1,0,2,17,,,,,15,,8,,55,,22,,481.26,1,run_20261009_170359_human_34.jsonl
run_20261009_170359_human_35,human,human,0,35,dab9037,autoplay,game_over,2,2,All your pets have fallen to Toothless.,104.991,1.758,45,3,30,0.667,0.033,0.3,12,0.5,150,150,100,100,3,3,1,1,0,0,1,0,2,1,,,,3,100,,,,,,100,2,0,3,,,,3,0,,,,5,,75,105,1,6,6,5,1,55,0,80,n/a,1,,,1,0,1,11,,,1,,,7,2,,,13,7,,104.991,,run_20261009_170359_human_35.jsonl
run_20261009_170400_human_36,human,human,0,36,dab9037,autoplay,to_be_continued,5,5,,269.728,4.504,102,8,80,0.913,0,0.088,14,0.929,150,225,400,325,8,7,3,3,0,0,3,0,4,1,,146,,8,400,,,25,,,300,5,1,1,1,1,3,2,2,2,2,0,5,4,146,100,4,1,1,9,4,20,0,75,refuse,,,1,2,0,1,13,,,,,2,,5,,18,20,15,20,269.728,,run_20261009_170400_human_36.jsonl
run_20261009_170402_human_37,human,human,0,37,dab9037,autoplay,to_be_continued,5,5,,301.637,5.027,156,12,120,0.833,0.117,0.05,24,0.833,150,5710,5600,40,12,3,2,0,0,2,4,0,5,1,,202,,12,400,5000,200,,,,40,5,0,0,0,0,3,3,3,3,3,0,2,11,345,135,7,4,4,13,3,0,0,44,sell,,,1,5,0,1,14,,,,14,,6,,,,44,,56,301.637,1,run_20261009_170402_human_37.jsonl
run_20261009_170406_human_38,human,human,0,38,dab9037,autoplay,to_be_continued,5,5,,305.386,5.093,150,10,100,0.84,0.01,0.15,40,0.9,150,367,600,383,10,7,3,3,0,0,3,0,4,2,,164,,10,400,,200,25,18,40,300,5,1,1,1,1,3,2,2,4,2,0,13,8,294,160,15,4,4,21,4,0,0,65,refuse,,,2,2,0,2,25,,,,1,,3,11,1,,37,19,28,305.386,1,run_20261009_170406_human_38.jsonl
run_20261009_170408_human_39,human,human,0,39,dab9037,autoplay,to_be_continued,5,5,,302.603,5.045,109,8,80,0.963,0,0.038,21,0.952,150,5450,5600,300,8,7,3,3,0,0,3,0,4,1,,114,,8,400,5000,200,,,,300,5,1,1,1,1,3,2,2,2,2,0,2,11,244,115,7,1,1,13,5,0,0,10,sell,,,1,2,0,1,17,,,,,,1,2,,,19,48,10,302.603,1,run_20261009_170408_human_39.jsonl
run_20261009_170409_human_40,human,human,0,40,dab9037,autoplay,to_be_continued,5,5,,366.921,6.115,187,14,140,0.879,0,0.121,33,0.879,150,192,400,358,14,3,3,3,0,0,3,1,5,1,,393,,14,400,,,,18,40,300,5,0,0,0,0,3,3,3,5,3,0,7,10,393,120,12,4,4,17,2,0,0,15,refuse,,,1,4,0,1,23,,,,,,8,6,3,,32,44,47,366.921,,run_20261009_170409_human_40.jsonl
