"prof","seed","day","t","name","lvl","coinCost","pts","coinAfter","ptsAfter"
"upgrade-first","1","1","9.967","QTE","1","100","1","50","0"
"upgrade-first","1","2","65.866","QTE","2","100","1","250","0"
"upgrade-first","1","2","86.838","QTE","3","100","1","150","0"
"upgrade-first","2","1","8.817","QTE","1","100","1","50","0"
"upgrade-first","2","2","66.567","QTE","2","100","1","250","0"
"upgrade-first","2","2","86.337","QTE","3","100","1","150","0"
"upgrade-first","3","1","7.7","QTE","1","100","1","50","0"
"upgrade-first","3","2","58.916","QTE","2","100","1","250","0"
"upgrade-first","3","2","80.219","QTE","3","100","1","150","0"
"upgrade-first","4","1","8.35","QTE","1","100","1","50","0"
"upgrade-first","4","2","67.283","QTE","2","100","1","250","0"
"upgrade-first","4","2","85.07","QTE","3","100","1","150","0"
"upgrade-first","5","1","9.25","QTE","1","100","1","50","0"
"upgrade-first","5","2","66.717","QTE","2","100","1","250","0"
"upgrade-first","5","2","87.754","QTE","3","100","1","150","0"
"upgrade-first","6","1","10.15","QTE","1","100","1","50","0"
"upgrade-first","6","2","64.449","QTE","2","100","1","250","0"
"upgrade-first","6","2","85.887","QTE","3","100","1","150","0"
"upgrade-first","7","1","8.7","QTE","1","100","1","50","0"
"upgrade-first","7","2","61.133","QTE","2","100","1","250","0"
"upgrade-first","7","2","81.836","QTE","3","100","1","150","0"
"upgrade-first","8","1","8.45","QTE","1","100","1","50","0"
"upgrade-first","8","2","63.749","QTE","2","100","1","250","0"
"upgrade-first","8","2","84.187","QTE","3","100","1","150","0"
"upgrade-first","9","1","9.133","QTE","1","100","1","50","0"
"upgrade-first","9","2","63.583","QTE","2","100","1","250","0"
"upgrade-first","9","2","85.954","QTE","3","100","1","150","0"
"upgrade-first","10","1","9.217","QTE","1","100","1","50","0"
"upgrade-first","10","2","68.25","QTE","2","100","1","250","0"
"upgrade-first","10","2","87.204","QTE","3","100","1","150","0"
"upgrade-first","11","1","9.35","QTE","1","100","1","50","0"
"upgrade-first","11","2","66.867","QTE","2","100","1","250","0"
"upgrade-first","11","2","86.687","QTE","3","100","1","150","0"
"upgrade-first","12","1","8.383","QTE","1","100","1","50","0"
"upgrade-first","12","2","62.633","QTE","2","100","1","250","0"
"upgrade-first","12","2","84.87","QTE","3","100","1","150","0"
"upgrade-first","13","1","7.783","QTE","1","100","1","50","0"
"upgrade-first","13","2","60.849","QTE","2","100","1","250","0"
"upgrade-first","13","2","80.603","QTE","3","100","1","150","0"
"upgrade-first","14","1","8.567","QTE","1","100","1","50","0"
"upgrade-first","14","2","65.7","QTE","2","100","1","250","0"
"upgrade-first","14","2","86.271","QTE","3","100","1","150","0"
"upgrade-first","15","1","9.717","QTE","1","100","1","50","0"
"upgrade-first","15","2","67.083","QTE","2","100","1","250","0"
"upgrade-first","15","2","85.754","QTE","3","100","1","150","0"
"upgrade-first","16","1","10.683","QTE","1","100","1","50","0"
"upgrade-first","16","2","67.533","QTE","2","100","1","250","0"
"upgrade-first","16","2","85.07","QTE","3","100","1","150","0"
"upgrade-first","17","1","8.4","QTE","1","100","1","50","0"
"upgrade-first","17","2","64.866","QTE","2","100","1","250","0"
"upgrade-first","17","2","82.487","QTE","3","100","1","150","0"
"upgrade-first","18","1","8.067","QTE","1","100","1","50","0"
"upgrade-first","18","2","61.983","QTE","2","100","1","250","0"
"upgrade-first","18","2","83.053","QTE","3","100","1","150","0"
"upgrade-first","19","1","9","QTE","1","100","1","50","0"
"upgrade-first","19","2","69.284","QTE","2","100","1","250","0"
"upgrade-first","19","2","87.721","QTE","3","100","1","150","0"
"upgrade-first","20","1","9.133","QTE","1","100","1","50","0"
"upgrade-first","20","2","64.599","QTE","2","100","1","250","0"
"upgrade-first","20","2","86.254","QTE","3","100","1","150","0"
"upgrade-first","21","1","9.717","QTE","1","100","1","50","0"
"upgrade-first","21","2","68.15","QTE","2","100","1","250","0"
"upgrade-first","21","2","86.888","QTE","3","100","1","150","0"
"upgrade-first","22","1","8.383","QTE","1","100","1","50","0"
"upgrade-first","22","2","59.449","QTE","2","100","1","250","0"
"upgrade-first","22","2","80.436","QTE","3","100","1","150","0"
"upgrade-first","23","1","8.4","QTE","1","100","1","50","0"
"upgrade-first","23","2","68.634","QTE","2","100","1","250","0"
"upgrade-first","23","2","85.037","QTE","3","100","1","150","0"
"upgrade-first","24","1","7.8","QTE","1","100","1","50","0"
"upgrade-first","24","2","63.916","QTE","2","100","1","250","0"
"upgrade-first","24","2","82.837","QTE","3","100","1","150","0"
"upgrade-first","25","1","8.483","QTE","1","100","1","50","0"
"upgrade-first","25","2","68.6","QTE","2","100","1","250","0"
"upgrade-first","25","2","87.304","QTE","3","100","1","150","0"
"upgrade-first","26","1","10.233","QTE","1","100","1","50","0"
"upgrade-first","26","2","68.2","QTE","2","100","1","250","0"
"upgrade-first","26","2","89.738","QTE","3","100","1","150","0"
"upgrade-first","27","1","8.083","QTE","1","100","1","50","0"
"upgrade-first","27","2","64.516","QTE","2","100","1","250","0"
"upgrade-first","27","2","85.954","QTE","3","100","1","150","0"
"upgrade-first","28","1","7.9","QTE","1","100","1","50","0"
"upgrade-first","28","2","65.366","QTE","2","100","1","250","0"
"upgrade-first","28","2","86.888","QTE","3","100","1","150","0"
"upgrade-first","29","1","8.85","QTE","1","100","1","50","0"
"upgrade-first","29","2","62.349","QTE","2","100","1","250","0"
"upgrade-first","29","2","83.42","QTE","3","100","1","150","0"
"upgrade-first","30","1","8.5","QTE","1","100","1","50","0"
"upgrade-first","30","2","61.049","QTE","2","100","1","250","0"
"upgrade-first","30","2","84.62","QTE","3","100","1","150","0"
"upgrade-first","31","1","9.9","QTE","1","100","1","50","0"
"upgrade-first","31","2","66.767","QTE","2","100","1","250","0"
"upgrade-first","31","2","88.138","QTE","3","100","1","150","0"
"upgrade-first","32","1","7.667","QTE","1","100","1","50","0"
"upgrade-first","32","2","61.433","QTE","2","100","1","250","0"
"upgrade-first","32","2","81.986","QTE","3","100","1","150","0"
"upgrade-first","33","1","8.767","QTE","1","100","1","50","0"
"upgrade-first","33","2","62.433","QTE","2","100","1","250","0"
"upgrade-first","33","2","85.054","QTE","3","100","1","150","0"
"upgrade-first","34","1","8.383","QTE","1","100","1","50","0"
"upgrade-first","34","2","65.983","QTE","2","100","1","250","0"
"upgrade-first","34","2","86.571","QTE","3","100","1","150","0"
"upgrade-first","35","1","9.633","QTE","1","100","1","50","0"
"upgrade-first","35","2","68.35","QTE","2","100","1","250","0"
"upgrade-first","35","2","89.221","QTE","3","100","1","150","0"
"upgrade-first","36","1","9.833","QTE","1","100","1","50","0"
"upgrade-first","36","2","69.367","QTE","2","100","1","250","0"
"upgrade-first","36","2","92.705","QTE","3","100","1","150","0"
"upgrade-first","37","1","10.5","QTE","1","100","1","50","0"
"upgrade-first","37","2","67.65","QTE","2","100","1","250","0"
"upgrade-first","37","2","86.854","QTE","3","100","1","150","0"
"upgrade-first","38","1","8.983","QTE","1","100","1","50","0"
"upgrade-first","38","2","65.733","QTE","2","100","1","250","0"
"upgrade-first","38","2","86.454","QTE","3","100","1","150","0"
"upgrade-first","39","1","8.1","QTE","1","100","1","50","0"
"upgrade-first","39","2","64.866","QTE","2","100","1","250","0"
"upgrade-first","39","2","88.621","QTE","3","100","1","150","0"
"upgrade-first","40","1","9.317","QTE","1","100","1","50","0"
"upgrade-first","40","2","68.5","QTE","2","100","1","250","0"
"upgrade-first","40","2","89.521","QTE","3","100","1","150","0"
"human","1","1","23.633","QTE","1","100","1","50","0"
"human","1","3","148.324","QTE","2","100","1","85","0"
"human","2","1","61.199","QTE","1","100","1","50","0"
"human","2","2","127.079","QTE","2","100","1","50","0"
"human","2","4","237.419","QTE","3","100","1","85","0"
"human","3","1","30.083","QTE","1","100","1","50","0"
"human","3","2","111.876","QTE","2","100","1","250","0"
"human","3","3","217.391","QTE","3","100","1","167","0"
"human","4","1","15.367","QTE","1","100","1","50","0"
"human","4","3","92.539","QTE","2","100","1","107","0"
"human","5","3","137.227","Energy","1","150","3","360","0"
"human","6","1","11.3","QTE","1","100","1","50","0"
"human","6","2","93.339","QTE","2","100","1","250","0"
"human","6","3","149.724","QTE","3","100","1","5250","0"
"human","7","3","117.994","Progress","1","20","2","472","0"
"human","8","1","51.783","Progress","1","20","2","130","0"
"human","8","4","222.856","Progress","2","20","2","410","0"
"human","9","4","266.829","Energy","1","150","3","242","0"
"human","10","3","104.391","Progress","1","20","2","265","0"
"human","11","1","14.333","QTE","1","100","1","50","0"
"human","11","2","113.577","QTE","2","100","1","250","0"
"human","11","4","278.743","QTE","3","100","1","5350","0"
"human","12","1","49.216","QTE","1","100","1","50","0"
"human","12","2","116.861","QTE","2","100","1","250","0"
"human","12","3","242.085","QTE","3","100","1","167","0"
"human","13","2","59.799","QTE","1","100","1","150","0"
"human","13","4","146.825","QTE","2","100","1","225","0"
"human","14","1","44.399","QTE","1","100","1","50","0"
"human","14","2","117.861","QTE","2","100","1","250","0"
"human","14","4","212.159","QTE","3","100","1","5350","0"
"human","15","1","41.783","QTE","1","100","1","50","0"
"human","15","2","115.31","QTE","2","100","1","50","0"
"human","15","3","181.983","QTE","3","100","1","25","0"
"human","16","4","173.168","Energy","1","150","3","282","0"
"human","17","1","42.75","Progress","1","20","2","130","0"
"human","17","3","187.015","Progress","2","20","2","252","0"
"human","18","3","156.223","Energy","1","150","3","360","0"
"human","19","3","187.848","Energy","1","150","3","117","0"
"human","20","1","14.883","QTE","1","100","1","50","0"
"human","20","2","92.889","QTE","2","100","1","250","0"
"human","20","3","154.206","QTE","3","100","1","210","0"
"human","21","1","9.767","QTE","1","100","1","50","0"
"human","21","3","71.551","QTE","2","100","1","67","0"
"human","22","1","43.949","QTE","1","100","1","50","0"
"human","22","2","137.094","QTE","2","100","1","250","0"
"human","22","3","206.51","QTE","3","100","1","5250","0"
"human","23","1","24.366","QTE","1","100","1","50","0"
"human","23","2","121.495","QTE","2","100","1","50","0"
"human","23","4","225.189","QTE","3","100","1","150","0"
"human","25","1","31.916","QTE","1","100","1","50","0"
"human","25","2","129.246","QTE","2","100","1","250","0"
"human","25","3","180.117","QTE","3","100","1","185","0"
"human","26","1","46.249","QTE","1","100","1","50","0"
"human","26","2","116.694","QTE","2","100","1","50","0"
"human","26","3","192.814","QTE","3","100","1","32","0"
"human","28","3","164.421","Energy","1","150","3","200","0"
"human","29","4","184.132","Energy","1","150","3","282","0"
"human","31","3","159.822","Energy","1","150","3","5400","0"
"human","32","1","24","QTE","1","100","1","50","0"
"human","32","2","59.199","QTE","2","100","1","50","0"
"human","32","4","155.173","QTE","3","100","1","92","0"
"human","33","2","68.35","QTE","1","100","1","350","0"
"human","33","3","114.593","QTE","2","100","1","267","0"
"human","34","1","65.35","QTE","1","100","1","50","0"
"human","34","2","203.061","QTE","2","100","1","250","0"
"human","34","3","349.509","QTE","3","100","1","167","0"
"human","35","1","44.649","QTE","1","100","1","50","0"
"human","36","1","58.499","QTE","1","100","1","50","0"
"human","36","2","99.173","QTE","2","100","1","50","0"
"human","36","4","195.08","QTE","3","100","1","125","0"
"human","37","1","36.3","Progress","1","20","2","130","0"
"human","37","4","231.288","Progress","2","20","2","5610","0"
"human","38","1","38.9","QTE","1","100","1","50","0"
"human","38","2","105.825","QTE","2","100","1","250","0"
"human","38","3","195.163","QTE","3","100","1","167","0"
"human","39","1","52.933","QTE","1","100","1","50","0"
"human","39","2","126.979","QTE","2","100","1","250","0"
"human","39","4","245.801","QTE","3","100","1","5350","0"
"human","40","1","12.883","QTE","1","100","1","50","0"
"human","40","2","92.522","QTE","2","100","1","50","0"
"human","40","4","247.367","QTE","3","100","1","92","0"
