"prof","seed","day","coin","energyLeft","used","maxE","pts","plv"
"perfect","1","1","150","0","3","3","2","3"
"perfect","1","2","450","0","3","3","3","4"
"perfect","1","3","5550","0","3","3","3","4"
"perfect","1","4","5650","0","3","3","4","5"
"perfect","2","1","150","0","3","3","2","3"
"perfect","2","2","450","0","3","3","3","4"
"perfect","2","3","5550","0","3","3","3","4"
"perfect","2","4","5650","0","3","3","4","5"
"perfect","3","1","150","0","3","3","2","3"
"perfect","3","2","450","0","3","3","3","4"
"perfect","3","3","5550","0","3","3","3","4"
"perfect","3","4","5650","0","3","3","4","5"
"perfect","4","1","150","0","3","3","2","3"
"perfect","4","2","450","0","3","3","3","4"
"perfect","4","3","5550","0","3","3","3","4"
"perfect","4","4","5650","0","3","3","4","5"
"perfect","5","1","150","0","3","3","2","3"
"perfect","5","2","450","0","3","3","3","4"
"perfect","5","3","5550","0","3","3","3","4"
"perfect","5","4","5650","0","3","3","4","5"
"perfect","6","1","150","0","3","3","2","3"
"perfect","6","2","450","0","3","3","3","4"
"perfect","6","3","5550","0","3","3","3","4"
"perfect","6","4","5650","0","3","3","4","5"
"perfect","7","1","150","0","3","3","2","3"
"perfect","7","2","450","0","3","3","3","4"
"perfect","7","3","5550","0","3","3","3","4"
"perfect","7","4","5650","0","3","3","4","5"
"perfect","8","1","150","0","3","3","2","3"
"perfect","8","2","450","0","3","3","3","4"
"perfect","8","3","5550","0","3","3","3","4"
"perfect","8","4","5650","0","3","3","4","5"
"perfect","9","1","150","0","3","3","2","3"
"perfect","9","2","450","0","3","3","3","4"
"perfect","9","3","5550","0","3","3","3","4"
"perfect","9","4","5650","0","3","3","4","5"
"perfect","10","1","150","0","3","3","2","3"
"perfect","10","2","450","0","3","3","3","4"
"perfect","10","3","5550","0","3","3","3","4"
"perfect","10","4","5650","0","3","3","4","5"
"perfect","11","1","150","0","3","3","2","3"
"perfect","11","2","450","0","3","3","3","4"
"perfect","11","3","5550","0","3","3","3","4"
"perfect","11","4","5650","0","3","3","4","5"
"perfect","12","1","150","0","3","3","2","3"
"perfect","12","2","450","0","3","3","3","4"
"perfect","12","3","5550","0","3","3","3","4"
"perfect","12","4","5650","0","3","3","4","5"
"perfect","13","1","150","0","3","3","2","3"
"perfect","13","2","450","0","3","3","3","4"
"perfect","13","3","5550","0","3","3","3","4"
"perfect","13","4","5650","0","3","3","4","5"
"perfect","14","1","150","0","3","3","2","3"
"perfect","14","2","450","0","3","3","3","4"
"perfect","14","3","5550","0","3","3","3","4"
"perfect","14","4","5650","0","3","3","4","5"
"perfect","15","1","150","0","3","3","2","3"
"perfect","15","2","450","0","3","3","3","4"
"perfect","15","3","5550","0","3","3","3","4"
"perfect","15","4","5650","0","3","3","4","5"
"perfect","16","1","150","0","3","3","2","3"
"perfect","16","2","450","0","3","3","3","4"
"perfect","16","3","5550","0","3","3","3","4"
"perfect","16","4","5650","0","3","3","4","5"
"perfect","17","1","150","0","3","3","2","3"
"perfect","17","2","450","0","3","3","3","4"
"perfect","17","3","5550","0","3","3","3","4"
"perfect","17","4","5650","0","3","3","4","5"
"perfect","18","1","150","0","3","3","2","3"
"perfect","18","2","450","0","3","3","3","4"
"perfect","18","3","5550","0","3","3","3","4"
"perfect","18","4","5650","0","3","3","4","5"
"perfect","19","1","150","0","3","3","2","3"
"perfect","19","2","450","0","3","3","3","4"
"perfect","19","3","5550","0","3","3","3","4"
"perfect","19","4","5650","0","3","3","4","5"
"perfect","20","1","150","0","3","3","2","3"
"perfect","20","2","450","0","3","3","3","4"
"perfect","20","3","5550","0","3","3","3","4"
"perfect","20","4","5650","0","3","3","4","5"
"perfect","21","1","150","0","3","3","2","3"
"perfect","21","2","450","0","3","3","3","4"
"perfect","21","3","5550","0","3","3","3","4"
"perfect","21","4","5650","0","3","3","4","5"
"perfect","22","1","150","0","3","3","2","3"
"perfect","22","2","450","0","3","3","3","4"
"perfect","22","3","5550","0","3","3","3","4"
"perfect","22","4","5650","0","3","3","4","5"
"perfect","23","1","150","0","3","3","2","3"
"perfect","23","2","450","0","3","3","3","4"
"perfect","23","3","5550","0","3","3","3","4"
"perfect","23","4","5650","0","3","3","4","5"
"perfect","24","1","150","0","3","3","2","3"
"perfect","24","2","450","0","3","3","3","4"
"perfect","24","3","5550","0","3","3","3","4"
"perfect","24","4","5650","0","3","3","4","5"
"perfect","25","1","150","0","3","3","2","3"
"perfect","25","2","450","0","3","3","3","4"
"perfect","25","3","5550","0","3","3","3","4"
"perfect","25","4","5650","0","3","3","4","5"
"perfect","26","1","150","0","3","3","2","3"
"perfect","26","2","450","0","3","3","3","4"
"perfect","26","3","5550","0","3","3","3","4"
"perfect","26","4","5650","0","3","3","4","5"
"perfect","27","1","150","0","3","3","2","3"
"perfect","27","2","450","0","3","3","3","4"
"perfect","27","3","5550","0","3","3","3","4"
"perfect","27","4","5650","0","3","3","4","5"
"perfect","28","1","150","0","3","3","2","3"
"perfect","28","2","450","0","3","3","3","4"
"perfect","28","3","5550","0","3","3","3","4"
"perfect","28","4","5650","0","3","3","4","5"
"perfect","29","1","150","0","3","3","2","3"
"perfect","29","2","450","0","3","3","3","4"
"perfect","29","3","5550","0","3","3","3","4"
"perfect","29","4","5650","0","3","3","4","5"
"perfect","30","1","150","0","3","3","2","3"
"perfect","30","2","450","0","3","3","3","4"
"perfect","30","3","5550","0","3","3","3","4"
"perfect","30","4","5650","0","3","3","4","5"
"perfect","31","1","150","0","3","3","2","3"
"perfect","31","2","450","0","3","3","3","4"
"perfect","31","3","5550","0","3","3","3","4"
"perfect","31","4","5650","0","3","3","4","5"
"perfect","32","1","150","0","3","3","2","3"
"perfect","32","2","450","0","3","3","3","4"
"perfect","32","3","5550","0","3","3","3","4"
"perfect","32","4","5650","0","3","3","4","5"
"perfect","33","1","150","0","3","3","2","3"
"perfect","33","2","450","0","3","3","3","4"
"perfect","33","3","5550","0","3","3","3","4"
"perfect","33","4","5650","0","3","3","4","5"
"perfect","34","1","150","0","3","3","2","3"
"perfect","34","2","450","0","3","3","3","4"
"perfect","34","3","5550","0","3","3","3","4"
"perfect","34","4","5650","0","3","3","4","5"
"perfect","35","1","150","0","3","3","2","3"
"perfect","35","2","450","0","3","3","3","4"
"perfect","35","3","5550","0","3","3","3","4"
"perfect","35","4","5650","0","3","3","4","5"
"perfect","36","1","150","0","3","3","2","3"
"perfect","36","2","450","0","3","3","3","4"
"perfect","36","3","5550","0","3","3","3","4"
"perfect","36","4","5650","0","3","3","4","5"
"perfect","37","1","150","0","3","3","2","3"
"perfect","37","2","450","0","3","3","3","4"
"perfect","37","3","5550","0","3","3","3","4"
"perfect","37","4","5650","0","3","3","4","5"
"perfect","38","1","150","0","3","3","2","3"
"perfect","38","2","450","0","3","3","3","4"
"perfect","38","3","5550","0","3","3","3","4"
"perfect","38","4","5650","0","3","3","4","5"
"perfect","39","1","150","0","3","3","2","3"
"perfect","39","2","450","0","3","3","3","4"
"perfect","39","3","5550","0","3","3","3","4"
"perfect","39","4","5650","0","3","3","4","5"
"caring","1","1","150","0","3","3","2","3"
"caring","1","2","450","0","3","3","3","4"
"caring","1","3","5550","0","3","3","3","4"
"caring","1","4","5650","0","3","3","4","5"
"perfect","40","1","150","0","3","3","2","3"
"perfect","40","2","450","0","3","3","3","4"
"perfect","40","3","5550","0","3","3","3","4"
"perfect","40","4","5650","0","3","3","4","5"
"caring","2","1","150","0","3","3","2","3"
"caring","2","2","450","0","3","3","3","4"
"caring","2","3","5550","0","3","3","3","4"
"caring","2","4","5650","0","3","3","4","5"
"caring","3","1","150","0","3","3","2","3"
"caring","3","2","450","0","3","3","3","4"
"caring","3","3","5550","0","3","3","3","4"
"caring","3","4","5650","0","3","3","4","5"
"caring","4","1","150","0","3","3","2","3"
"caring","4","2","450","0","3","3","3","4"
"caring","4","3","5550","0","3","3","3","4"
"caring","4","4","5650","0","3","3","4","5"
"caring","5","1","150","0","3","3","2","3"
"caring","5","2","450","0","3","3","3","4"
"caring","5","3","5550","0","3","3","3","4"
"caring","5","4","5650","0","3","3","4","5"
"caring","6","1","150","0","3","3","2","3"
"caring","6","2","450","0","3","3","3","4"
"caring","6","3","5550","0","3","3","3","4"
"caring","6","4","5650","0","3","3","4","5"
"caring","7","1","150","0","3","3","2","3"
"caring","7","2","450","0","3","3","3","4"
"caring","7","3","5550","0","3","3","3","4"
"caring","7","4","5650","0","3","3","4","5"
"caring","8","1","150","0","3","3","2","3"
"caring","8","2","450","0","3","3","3","4"
"caring","8","3","5550","0","3","3","3","4"
"caring","8","4","5650","0","3","3","4","5"
"caring","9","1","150","0","3","3","2","3"
"caring","9","2","450","0","3","3","3","4"
"caring","9","3","5550","0","3","3","3","4"
"caring","9","4","5650","0","3","3","4","5"
"caring","10","1","150","0","3","3","2","3"
"caring","10","2","450","0","3","3","3","4"
"caring","10","3","5550","0","3","3","3","4"
"caring","10","4","5650","0","3","3","4","5"
"caring","11","1","150","0","3","3","2","3"
"caring","11","2","450","0","3","3","3","4"
"caring","11","3","5550","0","3","3","3","4"
"caring","11","4","5650","0","3","3","4","5"
"caring","12","1","150","0","3","3","2","3"
"caring","12","2","450","0","3","3","3","4"
"caring","12","3","5550","0","3","3","3","4"
"caring","12","4","5650","0","3","3","4","5"
"caring","13","1","150","0","3","3","2","3"
"caring","13","2","450","0","3","3","3","4"
"caring","13","3","5550","0","3","3","3","4"
"caring","13","4","5650","0","3","3","4","5"
"caring","14","1","150","0","3","3","2","3"
"caring","14","2","450","0","3","3","3","4"
"caring","14","3","5550","0","3","3","3","4"
"caring","14","4","5650","0","3","3","4","5"
"caring","15","1","150","0","3","3","2","3"
"caring","15","2","450","0","3","3","3","4"
"caring","15","3","5550","0","3","3","3","4"
"caring","15","4","5650","0","3","3","4","5"
"caring","16","1","150","0","3","3","2","3"
"caring","16","2","450","0","3","3","3","4"
"caring","16","3","5550","0","3","3","3","4"
"caring","16","4","5650","0","3","3","4","5"
"caring","17","1","150","0","3","3","2","3"
"caring","17","2","450","0","3","3","3","4"
"caring","17","3","5550","0","3","3","3","4"
"caring","17","4","5650","0","3","3","4","5"
"caring","18","1","150","0","3","3","2","3"
"caring","18","2","450","0","3","3","3","4"
"caring","18","3","5550","0","3","3","3","4"
"caring","18","4","5650","0","3","3","4","5"
"caring","19","1","150","0","3","3","2","3"
"caring","19","2","450","0","3","3","3","4"
"caring","19","3","5550","0","3","3","3","4"
"caring","19","4","5650","0","3","3","4","5"
"caring","20","1","150","0","3","3","2","3"
"caring","20","2","450","0","3","3","3","4"
"caring","20","3","5550","0","3","3","3","4"
"caring","20","4","5650","0","3","3","4","5"
"caring","21","1","150","0","3","3","2","3"
"caring","21","2","450","0","3","3","3","4"
"caring","21","3","5550","0","3","3","3","4"
"caring","21","4","5650","0","3","3","4","5"
"caring","22","1","150","0","3","3","2","3"
"caring","22","2","450","0","3","3","3","4"
"caring","22","3","5550","0","3","3","3","4"
"caring","22","4","5650","0","3","3","4","5"
"caring","23","1","150","0","3","3","2","3"
"caring","23","2","450","0","3","3","3","4"
"caring","23","3","5550","0","3","3","3","4"
"caring","23","4","5650","0","3","3","4","5"
"caring","24","1","150","0","3","3","2","3"
"caring","24","2","450","0","3","3","3","4"
"caring","24","3","5550","0","3","3","3","4"
"caring","24","4","5650","0","3","3","4","5"
"caring","25","1","150","0","3","3","2","3"
"caring","25","2","450","0","3","3","3","4"
"caring","25","3","5550","0","3","3","3","4"
"caring","25","4","5650","0","3","3","4","5"
"caring","26","1","150","0","3","3","2","3"
"caring","26","2","450","0","3","3","3","4"
"caring","26","3","5550","0","3","3","3","4"
"caring","26","4","5650","0","3","3","4","5"
"caring","27","1","150","0","3","3","2","3"
"caring","27","2","450","0","3","3","3","4"
"caring","27","3","5550","0","3","3","3","4"
"caring","27","4","5650","0","3","3","4","5"
"caring","28","1","150","0","3","3","2","3"
"caring","28","2","450","0","3","3","3","4"
"caring","28","3","5550","0","3","3","3","4"
"caring","28","4","5650","0","3","3","4","5"
"caring","29","1","150","0","3","3","2","3"
"caring","29","2","450","0","3","3","3","4"
"caring","29","3","5550","0","3","3","3","4"
"caring","29","4","5650","0","3","3","4","5"
"caring","30","1","150","0","3","3","2","3"
"caring","30","2","450","0","3","3","3","4"
"caring","30","3","5550","0","3","3","3","4"
"caring","30","4","5650","0","3","3","4","5"
"caring","31","1","150","0","3","3","2","3"
"caring","31","2","450","0","3","3","3","4"
"caring","31","3","5550","0","3","3","3","4"
"caring","31","4","5650","0","3","3","4","5"
"caring","32","1","150","0","3","3","2","3"
"caring","32","2","450","0","3","3","3","4"
"caring","32","3","5550","0","3","3","3","4"
"caring","32","4","5650","0","3","3","4","5"
"caring","33","1","150","0","3","3","2","3"
"caring","33","2","450","0","3","3","3","4"
"caring","33","3","5550","0","3","3","3","4"
"caring","33","4","5650","0","3","3","4","5"
"caring","34","1","150","0","3","3","2","3"
"caring","34","2","450","0","3","3","3","4"
"caring","34","3","5550","0","3","3","3","4"
"caring","34","4","5650","0","3","3","4","5"
"caring","35","1","150","0","3","3","2","3"
"caring","35","2","450","0","3","3","3","4"
"caring","35","3","5550","0","3","3","3","4"
"caring","35","4","5650","0","3","3","4","5"
"caring","36","1","150","0","3","3","2","3"
"caring","36","2","450","0","3","3","3","4"
"caring","36","3","5550","0","3","3","3","4"
"caring","36","4","5650","0","3","3","4","5"
"caring","37","1","150","0","3","3","2","3"
"caring","37","2","450","0","3","3","3","4"
"caring","37","3","5550","0","3","3","3","4"
"caring","37","4","5650","0","3","3","4","5"
"caring","38","1","150","0","3","3","2","3"
"caring","38","2","450","0","3","3","3","4"
"caring","38","3","5550","0","3","3","3","4"
"caring","38","4","5650","0","3","3","4","5"
"caring","39","1","150","0","3","3","2","3"
"caring","39","2","450","0","3","3","3","4"
"caring","39","3","5550","0","3","3","3","4"
"caring","39","4","5650","0","3","3","4","5"
"caring","40","1","150","0","3","3","2","3"
"caring","40","2","450","0","3","3","3","4"
"caring","40","3","5550","0","3","3","3","4"
"caring","40","4","5650","0","3","3","4","5"
"sloppy","1","1","150","0","3","3","1","2"
"sloppy","2","1","150","0","3","3","1","2"
"sloppy","2","2","450","0","3","3","2","3"
"sloppy","2","3","5550","0","3","3","3","4"
"sloppy","2","4","5650","0","3","3","3","4"
"sloppy","3","1","150","0","3","3","1","2"
"sloppy","3","2","450","0","3","3","2","3"
"sloppy","3","3","5550","0","3","3","3","4"
"sloppy","3","4","5650","0","3","3","3","4"
"sloppy","4","1","150","0","3","3","1","2"
"sloppy","4","2","450","0","3","3","2","3"
"sloppy","4","3","5550","0","3","3","3","4"
"sloppy","4","4","5650","0","3","3","4","5"
"sloppy","5","1","150","0","3","3","1","2"
"sloppy","5","2","450","0","3","3","2","3"
"sloppy","5","3","5550","0","3","3","3","4"
"sloppy","5","4","5650","0","3","3","3","4"
"sloppy","6","1","150","0","3","3","1","2"
"sloppy","6","2","450","0","3","3","2","3"
"sloppy","6","3","5550","0","3","3","3","4"
"sloppy","6","4","5650","0","3","3","4","5"
"sloppy","7","1","150","0","3","3","1","2"
"sloppy","7","2","450","0","3","3","2","3"
"sloppy","7","3","5550","0","3","3","3","4"
"sloppy","7","4","5650","0","3","3","3","4"
"sloppy","8","1","150","0","3","3","1","2"
"sloppy","8","2","450","0","3","3","2","3"
"sloppy","8","3","5550","0","3","3","3","4"
"sloppy","8","4","5650","0","3","3","3","4"
"sloppy","10","1","150","0","3","3","1","2"
"sloppy","10","2","450","0","3","3","2","3"
"sloppy","10","3","5550","0","3","3","3","4"
"sloppy","10","4","5650","0","3","3","3","4"
"sloppy","9","1","150","0","3","3","1","2"
"sloppy","11","1","150","0","3","3","1","2"
"sloppy","11","2","450","0","3","3","2","3"
"sloppy","11","3","5550","0","3","3","3","4"
"sloppy","11","4","5650","0","3","3","3","4"
"sloppy","12","1","150","0","3","3","1","2"
"sloppy","13","1","150","0","3","3","1","2"
"sloppy","13","2","450","0","3","3","2","3"
"sloppy","13","3","5550","0","3","3","3","4"
"sloppy","13","4","5650","0","3","3","3","4"
"sloppy","14","1","150","0","3","3","1","2"
"sloppy","14","2","450","0","3","3","2","3"
"sloppy","14","3","5550","0","3","3","3","4"
"sloppy","14","4","5650","0","3","3","3","4"
"sloppy","15","1","150","0","3","3","1","2"
"sloppy","15","2","450","0","3","3","2","3"
"sloppy","15","3","5550","0","3","3","3","4"
"sloppy","15","4","5650","0","3","3","3","4"
"sloppy","16","1","150","0","3","3","1","2"
"sloppy","16","2","450","0","3","3","2","3"
"sloppy","16","3","5550","0","3","3","3","4"
"sloppy","16","4","5650","0","3","3","3","4"
"sloppy","17","1","150","0","3","3","1","2"
"sloppy","17","2","450","0","3","3","2","3"
"sloppy","17","3","5550","0","3","3","3","4"
"sloppy","17","4","5650","0","3","3","3","4"
"sloppy","18","1","150","0","3","3","1","2"
"sloppy","18","2","450","0","3","3","2","3"
"sloppy","18","3","5550","0","3","3","3","4"
"sloppy","18","4","5650","0","3","3","3","4"
"sloppy","19","1","150","0","3","3","1","2"
"sloppy","19","2","450","0","3","3","2","3"
"sloppy","19","3","5550","0","3","3","3","4"
"sloppy","19","4","5650","0","3","3","3","4"
"sloppy","20","1","150","0","3","3","1","2"
"sloppy","20","2","450","0","3","3","2","3"
"sloppy","20","3","5550","0","3","3","3","4"
"sloppy","20","4","5650","0","3","3","3","4"
"sloppy","21","1","150","0","3","3","1","2"
"sloppy","22","1","150","0","3","3","1","2"
"sloppy","22","2","450","0","3","3","2","3"
"sloppy","22","3","5550","0","3","3","3","4"
"sloppy","22","4","5650","0","3","3","3","4"
"sloppy","23","1","150","0","3","3","1","2"
"sloppy","23","2","450","0","3","3","2","3"
"sloppy","23","3","5550","0","3","3","3","4"
"sloppy","23","4","5650","0","3","3","3","4"
"sloppy","24","1","150","0","3","3","1","2"
"sloppy","25","1","150","0","3","3","1","2"
"sloppy","26","1","150","0","3","3","1","2"
"sloppy","27","1","150","0","3","3","1","2"
"sloppy","27","2","450","0","3","3","2","3"
"sloppy","27","3","5550","0","3","3","3","4"
"sloppy","27","4","5650","0","3","3","3","4"
"sloppy","28","1","150","0","3","3","1","2"
"sloppy","28","2","450","0","3","3","2","3"
"sloppy","28","3","5550","0","3","3","3","4"
"sloppy","28","4","5650","0","3","3","4","5"
"sloppy","29","1","150","0","3","3","1","2"
"sloppy","29","2","450","0","3","3","2","3"
"sloppy","29","3","5550","0","3","3","3","4"
"sloppy","29","4","5650","0","3","3","3","4"
"sloppy","30","1","150","0","3","3","1","2"
"sloppy","30","2","450","0","3","3","2","3"
"sloppy","30","3","5550","0","3","3","3","4"
"sloppy","30","4","5650","0","3","3","4","5"
"sloppy","31","1","150","0","3","3","1","2"
"sloppy","31","2","450","0","3","3","2","3"
"sloppy","31","3","5550","0","3","3","3","4"
"sloppy","31","4","5650","0","3","3","3","4"
"sloppy","32","1","150","0","3","3","1","2"
"sloppy","32","2","450","0","3","3","2","3"
"sloppy","32","3","5550","0","3","3","3","4"
"sloppy","32","4","5650","0","3","3","3","4"
"sloppy","33","1","150","0","3","3","1","2"
"sloppy","33","2","450","0","3","3","2","3"
"sloppy","33","3","5550","0","3","3","3","4"
"sloppy","33","4","5650","0","3","3","3","4"
"sloppy","34","1","150","0","3","3","1","2"
"sloppy","34","2","450","0","3","3","2","3"
"sloppy","34","3","5550","0","3","3","3","4"
"sloppy","34","4","5650","0","3","3","4","5"
"sloppy","35","1","150","0","3","3","1","2"
"sloppy","35","2","450","0","3","3","2","3"
"sloppy","35","3","5550","0","3","3","3","4"
"sloppy","35","4","5650","0","3","3","3","4"
"sloppy","36","1","150","0","3","3","1","2"
"sloppy","36","2","450","0","3","3","2","3"
"sloppy","36","3","5550","0","3","3","3","4"
"sloppy","36","4","5650","0","3","3","3","4"
"sloppy","37","1","150","0","3","3","1","2"
"sloppy","38","1","150","0","3","3","1","2"
"sloppy","39","1","150","0","3","3","1","2"
"sloppy","39","2","450","0","3","3","2","3"
"sloppy","39","3","5550","0","3","3","3","4"
"sloppy","39","4","5650","0","3","3","4","5"
"sloppy","40","1","150","0","3","3","1","2"
"upgrade-first","1","1","50","0","3","3","1","3"
"upgrade-first","1","2","150","0","3","3","0","4"
"upgrade-first","1","3","167","0","5","3","1","5"
"upgrade-first","1","4","267","0","3","3","1","5"
"upgrade-first","2","1","50","0","3","3","1","3"
"upgrade-first","2","2","150","0","3","3","0","4"
"upgrade-first","2","3","167","0","5","3","1","5"
"upgrade-first","2","4","267","0","3","3","1","5"
"upgrade-first","3","1","50","0","3","3","1","3"
"upgrade-first","3","2","150","0","3","3","0","4"
"upgrade-first","3","3","167","0","5","3","1","5"
"upgrade-first","3","4","267","0","3","3","1","5"
"upgrade-first","4","1","50","0","3","3","1","3"
"upgrade-first","4","2","150","0","3","3","0","4"
"upgrade-first","4","3","167","0","5","3","1","5"
"upgrade-first","4","4","267","0","3","3","1","5"
"upgrade-first","5","1","50","0","3","3","1","3"
"upgrade-first","5","2","150","0","3","3","0","4"
"upgrade-first","5","3","167","0","5","3","1","5"
"upgrade-first","5","4","267","0","3","3","1","5"
"upgrade-first","6","1","50","0","3","3","1","3"
"upgrade-first","6","2","150","0","3","3","0","4"
"upgrade-first","6","3","167","0","5","3","1","5"
"upgrade-first","6","4","267","0","3","3","1","5"
"upgrade-first","7","1","50","0","3","3","1","3"
"upgrade-first","7","2","150","0","3","3","0","4"
"upgrade-first","7","3","167","0","5","3","1","5"
"upgrade-first","7","4","267","0","3","3","1","5"
"upgrade-first","8","1","50","0","3","3","1","3"
"upgrade-first","8","2","150","0","3","3","0","4"
"upgrade-first","8","3","167","0","5","3","1","5"
"upgrade-first","8","4","267","0","3","3","1","5"
"upgrade-first","9","1","50","0","3","3","1","3"
"upgrade-first","9","2","150","0","3","3","0","4"
"upgrade-first","9","3","167","0","5","3","1","5"
"upgrade-first","9","4","267","0","3","3","1","5"
"upgrade-first","10","1","50","0","3","3","1","3"
"upgrade-first","10","2","150","0","3","3","0","4"
"upgrade-first","10","3","167","0","5","3","1","5"
"upgrade-first","10","4","267","0","3","3","1","5"
"upgrade-first","11","1","50","0","3","3","1","3"
"upgrade-first","11","2","150","0","3","3","0","4"
"upgrade-first","11","3","167","0","5","3","1","5"
"upgrade-first","11","4","267","0","3","3","1","5"
"upgrade-first","12","1","50","0","3","3","1","3"
"upgrade-first","12","2","150","0","3","3","0","4"
"upgrade-first","12","3","167","0","5","3","1","5"
"upgrade-first","12","4","267","0","3","3","1","5"
"upgrade-first","13","1","50","0","3","3","1","3"
"upgrade-first","13","2","150","0","3","3","0","4"
"upgrade-first","13","3","167","0","5","3","1","5"
"upgrade-first","13","4","267","0","3","3","1","5"
"upgrade-first","14","1","50","0","3","3","1","3"
"upgrade-first","14","2","150","0","3","3","0","4"
"upgrade-first","14","3","167","0","5","3","1","5"
"upgrade-first","14","4","267","0","3","3","1","5"
"upgrade-first","15","1","50","0","3","3","1","3"
"upgrade-first","15","2","150","0","3","3","0","4"
"upgrade-first","15","3","167","0","5","3","1","5"
"upgrade-first","15","4","267","0","3","3","1","5"
"upgrade-first","16","1","50","0","3","3","1","3"
"upgrade-first","16","2","150","0","3","3","0","4"
"upgrade-first","16","3","167","0","5","3","1","5"
"upgrade-first","16","4","267","0","3","3","1","5"
"upgrade-first","17","1","50","0","3","3","1","3"
"upgrade-first","17","2","150","0","3","3","0","4"
"upgrade-first","17","3","167","0","5","3","1","5"
"upgrade-first","17","4","267","0","3","3","1","5"
"upgrade-first","18","1","50","0","3","3","1","3"
"upgrade-first","18","2","150","0","3","3","0","4"
"upgrade-first","18","3","167","0","5","3","1","5"
"upgrade-first","18","4","267","0","3","3","1","5"
"upgrade-first","19","1","50","0","3","3","1","3"
"upgrade-first","19","2","150","0","3","3","0","4"
"upgrade-first","19","3","167","0","5","3","1","5"
"upgrade-first","19","4","267","0","3","3","1","5"
"upgrade-first","20","1","50","0","3","3","1","3"
"upgrade-first","20","2","150","0","3","3","0","4"
"upgrade-first","20","3","167","0","5","3","1","5"
"upgrade-first","20","4","267","0","3","3","1","5"
"upgrade-first","21","1","50","0","3","3","1","3"
"upgrade-first","21","2","150","0","3","3","0","4"
"upgrade-first","21","3","167","0","5","3","1","5"
"upgrade-first","21","4","267","0","3","3","1","5"
"upgrade-first","22","1","50","0","3","3","1","3"
"upgrade-first","22","2","150","0","3","3","0","4"
"upgrade-first","22","3","167","0","5","3","1","5"
"upgrade-first","22","4","267","0","3","3","1","5"
"upgrade-first","23","1","50","0","3","3","1","3"
"upgrade-first","23","2","150","0","3","3","0","4"
"upgrade-first","23","3","167","0","5","3","1","5"
"upgrade-first","23","4","267","0","3","3","1","5"
"upgrade-first","24","1","50","0","3","3","1","3"
"upgrade-first","24","2","150","0","3","3","0","4"
"upgrade-first","24","3","167","0","5","3","1","5"
"upgrade-first","24","4","267","0","3","3","1","5"
"upgrade-first","25","1","50","0","3","3","1","3"
"upgrade-first","25","2","150","0","3","3","0","4"
"upgrade-first","25","3","167","0","5","3","1","5"
"upgrade-first","25","4","267","0","3","3","1","5"
"upgrade-first","26","1","50","0","3","3","1","3"
"upgrade-first","26","2","150","0","3","3","0","4"
"upgrade-first","26","3","167","0","5","3","1","5"
"upgrade-first","26","4","267","0","3","3","1","5"
"upgrade-first","27","1","50","0","3","3","1","3"
"upgrade-first","27","2","150","0","3","3","0","4"
"upgrade-first","27","3","167","0","5","3","1","5"
"upgrade-first","27","4","267","0","3","3","1","5"
"upgrade-first","28","1","50","0","3","3","1","3"
"upgrade-first","28","2","150","0","3","3","0","4"
"upgrade-first","28","3","167","0","5","3","1","5"
"upgrade-first","28","4","267","0","3","3","1","5"
"upgrade-first","29","1","50","0","3","3","1","3"
"upgrade-first","29","2","150","0","3","3","0","4"
"upgrade-first","29","3","167","0","5","3","1","5"
"upgrade-first","29","4","267","0","3","3","1","5"
"upgrade-first","30","1","50","0","3","3","1","3"
"upgrade-first","30","2","150","0","3","3","0","4"
"upgrade-first","30","3","167","0","5","3","1","5"
"upgrade-first","30","4","267","0","3","3","1","5"
"upgrade-first","31","1","50","0","3","3","1","3"
"upgrade-first","31","2","150","0","3","3","0","4"
"upgrade-first","31","3","167","0","5","3","1","5"
"upgrade-first","31","4","267","0","3","3","1","5"
"upgrade-first","32","1","50","0","3","3","1","3"
"upgrade-first","32","2","150","0","3","3","0","4"
"upgrade-first","32","3","167","0","5","3","1","5"
"upgrade-first","32","4","267","0","3","3","1","5"
"upgrade-first","33","1","50","0","3","3","1","3"
"upgrade-first","33","2","150","0","3","3","0","4"
"upgrade-first","33","3","167","0","5","3","1","5"
"upgrade-first","33","4","267","0","3","3","1","5"
"upgrade-first","34","1","50","0","3","3","1","3"
"upgrade-first","34","2","150","0","3","3","0","4"
"upgrade-first","34","3","167","0","5","3","1","5"
"upgrade-first","34","4","267","0","3","3","1","5"
"upgrade-first","35","1","50","0","3","3","1","3"
"upgrade-first","35","2","150","0","3","3","0","4"
"upgrade-first","35","3","167","0","5","3","1","5"
"upgrade-first","35","4","267","0","3","3","1","5"
"upgrade-first","36","1","50","0","3","3","1","3"
"upgrade-first","36","2","150","0","3","3","0","4"
"upgrade-first","36","3","167","0","5","3","1","5"
"upgrade-first","36","4","267","0","3","3","1","5"
"upgrade-first","37","1","50","0","3","3","1","3"
"upgrade-first","37","2","150","0","3","3","0","4"
"upgrade-first","37","3","167","0","5","3","1","5"
"upgrade-first","37","4","267","0","3","3","1","5"
"upgrade-first","38","1","50","0","3","3","1","3"
"upgrade-first","38","2","150","0","3","3","0","4"
"upgrade-first","38","3","167","0","5","3","1","5"
"upgrade-first","38","4","267","0","3","3","1","5"
"upgrade-first","39","1","50","0","3","3","1","3"
"upgrade-first","39","2","150","0","3","3","0","4"
"upgrade-first","39","3","167","0","5","3","1","5"
"upgrade-first","39","4","267","0","3","3","1","5"
"upgrade-first","40","1","50","0","3","3","1","3"
"upgrade-first","40","2","150","0","3","3","0","4"
"upgrade-first","40","3","167","0","5","3","1","5"
"upgrade-first","40","4","267","0","3","3","1","5"
"human","1","1","50","2","1","3","0","2"
"human","1","2","150","2","1","3","0","2"
"human","1","3","85","2","3","3","0","3"
"human","1","4","185","2","1","3","0","3"
"human","2","1","50","1","2","3","0","2"
"human","2","2","50","1","2","3","0","3"
"human","2","3","85","1","4","3","1","4"
"human","2","4","85","1","2","3","0","4"
"human","3","1","50","1","2","3","0","2"
"human","3","2","250","1","2","3","0","3"
"human","3","3","167","1","4","3","0","4"
"human","3","4","267","1","2","3","0","4"
"human","4","1","50","2","1","3","0","2"
"human","4","2","150","2","1","3","0","2"
"human","4","3","107","2","1","3","0","3"
"human","4","4","207","2","1","3","0","3"
"human","5","1","150","1","2","3","1","2"
"human","5","2","450","1","2","3","2","3"
"human","5","3","360","1","5","4","0","4"
"human","5","4","460","1","3","4","1","5"
"human","6","1","50","0","3","3","0","2"
"human","6","2","250","0","3","3","0","3"
"human","6","3","5250","0","3","3","0","4"
"human","6","4","5350","0","3","3","1","5"
"human","7","1","150","2","1","3","1","2"
"human","7","2","450","2","1","3","1","2"
"human","7","3","472","2","3","3","0","3"
"human","7","4","572","2","1","3","1","4"
"human","8","1","130","0","3","3","0","3"
"human","8","2","230","0","3","3","0","3"
"human","8","3","330","0","3","3","1","4"
"human","8","4","410","0","3","3","0","5"
"human","9","1","150","1","2","3","1","2"
"human","9","2","250","1","2","3","1","2"
"human","9","3","292","1","4","3","2","3"
"human","9","4","242","1","3","4","0","4"
"human","10","1","150","2","1","3","0","1"
"human","10","2","250","2","1","3","1","2"
"human","10","3","265","2","3","3","0","3"
"human","10","4","365","2","1","3","0","3"
"human","11","1","50","1","2","3","0","2"
"human","11","2","250","1","2","3","0","3"
"human","11","3","5350","1","2","3","0","3"
"human","11","4","5350","1","2","3","0","4"
"human","12","1","50","1","2","3","0","2"
"human","12","2","250","1","2","3","0","3"
"human","12","3","167","1","4","3","0","4"
"human","12","4","267","1","2","3","0","4"
"human","13","1","150","2","1","3","0","1"
"human","13","2","150","2","1","3","0","2"
"human","13","3","225","2","1","3","0","2"
"human","13","4","225","2","1","3","0","3"
"human","14","1","50","1","2","3","0","2"
"human","14","2","250","1","2","3","0","3"
"human","14","3","5350","1","2","3","0","3"
"human","14","4","5350","1","2","3","0","4"
"human","15","1","50","0","3","3","0","2"
"human","15","2","50","0","3","3","0","3"
"human","15","3","25","0","3","3","0","4"
"human","15","4","125","0","3","3","1","5"
"human","16","1","150","1","2","3","1","2"
"human","16","2","250","1","2","3","2","3"
"human","16","3","332","1","2","3","2","3"
"human","16","4","282","1","3","4","0","4"
"human","17","1","130","0","3","3","0","3"
"human","17","2","230","0","3","3","0","3"
"human","17","3","252","0","5","3","0","5"
"human","17","4","352","0","3","3","0","5"
"human","18","1","150","1","2","3","1","2"
"human","18","2","450","1","2","3","2","3"
"human","18","3","360","1","5","4","0","4"
"human","18","4","460","1","3","4","1","5"
"human","19","1","150","0","3","3","1","2"
"human","19","2","250","0","3","3","2","3"
"human","19","3","117","0","6","4","0","4"
"human","19","4","217","1","3","4","1","5"
"human","20","1","50","1","2","3","0","2"
"human","20","2","250","1","2","3","0","3"
"human","20","3","210","1","4","3","0","4"
"human","20","4","310","1","2","3","0","4"
"human","21","1","50","2","1","3","0","2"
"human","21","2","150","2","1","3","0","2"
"human","21","3","67","2","3","3","0","3"
"human","21","4","167","2","1","3","0","3"
"human","22","1","50","0","3","3","0","2"
"human","22","2","250","0","3","3","0","3"
"human","22","3","5250","0","3","3","0","4"
"human","22","4","5350","0","3","3","0","4"
"human","23","1","50","1","2","3","0","2"
"human","23","2","50","1","2","3","0","3"
"human","23","3","150","1","2","3","0","3"
"human","23","4","150","1","2","3","0","4"
"human","24","1","150","2","1","3","0","1"
"human","25","1","50","1","2","3","0","2"
"human","25","2","250","1","2","3","0","3"
"human","25","3","185","1","4","3","0","4"
"human","25","4","285","1","2","3","0","4"
"human","26","1","50","0","3","3","1","3"
"human","26","2","50","0","3","3","1","4"
"human","26","3","32","0","3","3","0","4"
"human","26","4","132","0","3","3","1","5"
"human","27","1","150","2","1","3","1","2"
"human","27","2","450","2","1","3","1","2"
"human","27","3","5550","2","1","3","1","2"
"human","27","4","5650","2","1","3","2","3"
"human","28","1","150","0","3","3","1","2"
"human","28","2","250","0","3","3","2","3"
"human","28","3","200","0","4","4","0","4"
"human","28","4","300","1","3","4","1","5"
"human","29","1","150","1","2","3","1","2"
"human","29","2","250","1","2","3","2","3"
"human","29","3","332","1","2","3","2","3"
"human","29","4","282","1","3","4","0","4"
"human","30","1","150","2","1","3","0","1"
"human","30","2","250","2","1","3","1","2"
"human","30","3","307","2","1","3","1","2"
"human","30","4","407","2","1","3","2","3"
"human","31","1","150","0","3","3","1","2"
"human","31","2","450","0","3","3","2","3"
"human","31","3","5400","0","4","4","0","4"
"human","31","4","5500","0","4","4","1","5"
"human","32","1","50","1","2","3","0","2"
"human","32","2","50","1","2","3","0","3"
"human","32","3","92","1","4","3","1","4"
"human","32","4","92","1","2","3","0","4"
"human","33","1","150","2","1","3","0","1"
"human","33","2","350","2","1","3","0","2"
"human","33","3","267","2","3","3","0","3"
"human","33","4","367","2","1","3","0","3"
"human","34","1","50","1","2","3","0","2"
"human","34","2","250","1","2","3","0","3"
"human","34","3","167","1","4","3","0","4"
"human","34","4","267","1","2","3","0","4"
"human","35","1","50","0","3","3","0","2"
"human","36","1","50","1","2","3","0","2"
"human","36","2","50","1","2","3","0","3"
"human","36","3","125","1","2","3","0","3"
"human","36","4","125","1","2","3","0","4"
"human","37","1","130","0","3","3","0","3"
"human","37","2","430","0","3","3","0","3"
"human","37","3","5530","0","3","3","1","4"
"human","37","4","5610","0","3","3","0","5"
"human","38","1","50","1","2","3","0","2"
"human","38","2","250","1","2","3","0","3"
"human","38","3","167","1","4","3","0","4"
"human","38","4","267","1","2","3","0","4"
"human","39","1","50","1","2","3","0","2"
"human","39","2","250","1","2","3","0","3"
"human","39","3","5350","1","2","3","0","3"
"human","39","4","5350","1","2","3","0","4"
"human","40","1","50","0","3","3","0","2"
"human","40","2","50","0","3","3","0","3"
"human","40","3","92","0","5","3","1","4"
"human","40","4","92","0","3","3","1","5"
