"prof","seed","day","enemy","won","dmgDealt","dmgTaken","dodgeOk","tooSlow","missPress","atkHits","petsLost","tea","dodgeStart","upgQ","upgE","upgP","petAtk"
"perfect","1","2","Toothless","True","132","0","5","0","0","6","0","False","0.32","0","0","0","30"
"perfect","1","5","Big Z","False","350","120","8","5","1","14","1","False","0.32","0","0","0","34"
"perfect","2","2","Toothless","True","132","0","5","0","0","6","0","False","0.32","0","0","0","30"
"perfect","2","5","Big Z","False","375","120","9","6","0","15","1","False","0.32","0","0","0","34"
"perfect","3","2","Toothless","True","132","0","5","0","0","6","0","False","0.32","0","0","0","30"
"perfect","3","5","Big Z","False","375","120","9","4","2","15","1","False","0.32","0","0","0","34"
"perfect","4","2","Toothless","True","132","0","5","0","0","6","0","False","0.32","0","0","0","30"
"perfect","4","5","Big Z","False","400","120","10","4","2","16","1","False","0.32","0","0","0","34"
"perfect","5","2","Toothless","True","132","0","5","0","0","6","0","False","0.32","0","0","0","30"
"perfect","5","5","Big Z","False","425","120","11","5","1","17","1","False","0.32","0","0","0","34"
"perfect","6","2","Toothless","True","132","0","5","0","0","6","0","False","0.32","0","0","0","30"
"perfect","6","5","Big Z","False","225","100","4","4","1","9","1","False","0.32","0","0","0","34"
"perfect","7","2","Toothless","True","132","0","5","0","0","6","0","False","0.32","0","0","0","30"
"perfect","7","5","Big Z","False","575","120","17","5","1","23","1","False","0.32","0","0","0","34"
"perfect","8","2","Toothless","True","132","0","5","0","0","6","0","False","0.32","0","0","0","30"
"perfect","8","5","Big Z","False","375","120","9","6","0","15","1","False","0.32","0","0","0","34"
"perfect","9","2","Toothless","True","132","0","5","0","0","6","0","False","0.32","0","0","0","30"
"perfect","9","5","Big Z","False","375","120","9","4","2","15","1","False","0.32","0","0","0","34"
"perfect","10","2","Toothless","True","132","0","5","0","0","6","0","False","0.32","0","0","0","30"
"perfect","10","5","Big Z","False","675","120","21","4","2","27","1","False","0.32","0","0","0","34"
"perfect","11","2","Toothless","True","132","0","5","0","0","6","0","False","0.32","0","0","0","30"
"perfect","11","5","Big Z","False","500","120","14","6","0","20","1","False","0.32","0","0","0","34"
"perfect","12","2","Toothless","True","132","0","5","0","0","6","0","False","0.32","0","0","0","30"
"perfect","12","5","Big Z","False","175","100","2","4","1","7","1","False","0.32","0","0","0","34"
"perfect","13","2","Toothless","True","132","0","5","0","0","6","0","False","0.32","0","0","0","30"
"perfect","13","5","Big Z","False","625","120","19","5","1","25","1","False","0.32","0","0","0","34"
"perfect","14","2","Toothless","True","132","0","5","0","0","6","0","False","0.32","0","0","0","30"
"perfect","14","5","Big Z","False","675","120","21","6","0","27","1","False","0.32","0","0","0","34"
"perfect","15","2","Toothless","True","132","0","5","0","0","6","0","False","0.32","0","0","0","30"
"perfect","15","5","Big Z","False","250","100","5","4","1","10","1","False","0.32","0","0","0","34"
"perfect","16","2","Toothless","True","132","0","5","0","0","6","0","False","0.32","0","0","0","30"
"perfect","16","5","Big Z","False","575","120","17","4","2","23","1","False","0.32","0","0","0","34"
"perfect","17","2","Toothless","True","132","0","5","0","0","6","0","False","0.32","0","0","0","30"
"perfect","17","5","Big Z","False","425","120","11","3","3","17","1","False","0.32","0","0","0","34"
"perfect","18","2","Toothless","True","132","0","5","0","0","6","0","False","0.32","0","0","0","30"
"perfect","18","5","Big Z","False","225","100","4","3","2","9","1","False","0.32","0","0","0","34"
"perfect","19","2","Toothless","True","132","0","5","0","0","6","0","False","0.32","0","0","0","30"
"perfect","19","5","Big Z","False","375","120","9","5","1","15","1","False","0.32","0","0","0","34"
"perfect","20","2","Toothless","True","132","0","5","0","0","6","0","False","0.32","0","0","0","30"
"perfect","20","5","Big Z","False","200","100","3","5","0","8","1","False","0.32","0","0","0","34"
"perfect","21","2","Toothless","True","132","0","5","0","0","6","0","False","0.32","0","0","0","30"
"perfect","21","5","Big Z","False","325","120","7","5","1","13","1","False","0.32","0","0","0","34"
"perfect","22","2","Toothless","True","132","0","5","0","0","6","0","False","0.32","0","0","0","30"
"perfect","22","5","Big Z","False","225","100","4","2","3","9","1","False","0.32","0","0","0","34"
"perfect","23","2","Toothless","True","132","0","5","0","0","6","0","False","0.32","0","0","0","30"
"perfect","23","5","Big Z","False","375","120","9","5","1","15","1","False","0.32","0","0","0","34"
"perfect","24","2","Toothless","True","132","0","5","0","0","6","0","False","0.32","0","0","0","30"
"perfect","24","5","Big Z","False","825","140","26","7","0","33","1","False","0.32","0","0","0","34"
"perfect","25","2","Toothless","True","132","0","5","0","0","6","0","False","0.32","0","0","0","30"
"perfect","25","5","Big Z","False","200","100","3","3","2","8","1","False","0.32","0","0","0","34"
"perfect","26","2","Toothless","True","132","0","5","0","0","6","0","False","0.32","0","0","0","30"
"perfect","26","5","Big Z","False","200","100","3","4","1","8","1","False","0.32","0","0","0","34"
"perfect","27","2","Toothless","True","132","0","5","0","0","6","0","False","0.32","0","0","0","30"
"perfect","27","5","Big Z","False","150","100","1","4","1","6","1","False","0.32","0","0","0","34"
"perfect","28","2","Toothless","True","132","0","5","0","0","6","0","False","0.32","0","0","0","30"
"perfect","28","5","Big Z","False","450","120","12","6","0","18","1","False","0.32","0","0","0","34"
"perfect","29","2","Toothless","True","132","0","5","0","0","6","0","False","0.32","0","0","0","30"
"perfect","29","5","Big Z","False","375","120","9","5","1","15","1","False","0.32","0","0","0","34"
"perfect","30","2","Toothless","True","132","0","5","0","0","6","0","False","0.32","0","0","0","30"
"perfect","30","5","Big Z","False","375","120","9","5","1","15","1","False","0.32","0","0","0","34"
"perfect","31","2","Toothless","True","132","0","5","0","0","6","0","False","0.32","0","0","0","30"
"perfect","31","5","Big Z","False","425","120","11","6","0","17","1","False","0.32","0","0","0","34"
"perfect","32","2","Toothless","True","132","0","5","0","0","6","0","False","0.32","0","0","0","30"
"perfect","32","5","Big Z","False","500","120","14","4","2","20","1","False","0.32","0","0","0","34"
"perfect","33","2","Toothless","True","132","0","5","0","0","6","0","False","0.32","0","0","0","30"
"perfect","33","5","Big Z","False","325","120","7","6","0","13","1","False","0.32","0","0","0","34"
"perfect","34","2","Toothless","True","132","0","5","0","0","6","0","False","0.32","0","0","0","30"
"perfect","34","5","Big Z","False","450","120","12","5","1","18","1","False","0.32","0","0","0","34"
"perfect","35","2","Toothless","True","132","0","5","0","0","6","0","False","0.32","0","0","0","30"
"perfect","35","5","Big Z","False","225","100","4","5","0","9","1","False","0.32","0","0","0","34"
"perfect","36","2","Toothless","True","132","0","5","0","0","6","0","False","0.32","0","0","0","30"
"perfect","36","5","Big Z","False","650","120","20","4","2","26","1","False","0.32","0","0","0","34"
"perfect","37","2","Toothless","True","132","0","5","0","0","6","0","False","0.32","0","0","0","30"
"perfect","37","5","Big Z","False","425","120","11","5","1","17","1","False","0.32","0","0","0","34"
"perfect","38","2","Toothless","True","132","0","5","0","0","6","0","False","0.32","0","0","0","30"
"perfect","38","5","Big Z","False","250","100","5","5","0","10","1","False","0.32","0","0","0","34"
"perfect","39","2","Toothless","True","132","0","5","0","0","6","0","False","0.32","0","0","0","30"
"perfect","39","5","Big Z","False","425","120","11","6","0","17","1","False","0.32","0","0","0","34"
"caring","1","2","Toothless","True","132","0","5","0","0","6","0","False","0.32","0","0","0","30"
"caring","1","5","Big Z","False","450","160","7","6","2","15","1","False","0.32","0","0","0","40"
"perfect","40","2","Toothless","True","132","0","5","0","0","6","0","False","0.32","0","0","0","30"
"perfect","40","5","Big Z","False","175","100","2","3","2","7","1","False","0.32","0","0","0","34"
"caring","2","2","Toothless","True","132","0","5","0","0","6","0","False","0.32","0","0","0","30"
"caring","2","5","Big Z","False","510","160","9","6","2","17","1","False","0.32","0","0","0","40"
"caring","3","2","Toothless","True","132","0","5","0","0","6","0","False","0.32","0","0","0","30"
"caring","3","5","Big Z","False","930","180","22","9","0","31","1","False","0.32","0","0","0","40"
"caring","4","2","Toothless","True","132","0","5","0","0","6","0","False","0.32","0","0","0","30"
"caring","4","5","Big Z","False","540","160","10","6","2","18","1","False","0.32","0","0","0","40"
"caring","5","2","Toothless","True","132","0","5","0","0","6","0","False","0.32","0","0","0","30"
"caring","5","5","Big Z","False","600","160","12","6","2","20","1","False","0.32","0","0","0","40"
"caring","6","2","Toothless","True","132","0","5","0","0","6","0","False","0.32","0","0","0","30"
"caring","6","5","Big Z","False","420","160","6","6","2","14","1","False","0.32","0","0","0","40"
"caring","7","2","Toothless","True","132","0","5","0","0","6","0","False","0.32","0","0","0","30"
"caring","7","5","Big Z","False","540","160","10","5","3","18","1","False","0.32","0","0","0","40"
"caring","8","2","Toothless","True","132","0","5","0","0","6","0","False","0.32","0","0","0","30"
"caring","8","5","Big Z","False","510","160","9","8","0","17","1","False","0.32","0","0","0","40"
"caring","9","2","Toothless","True","132","0","5","0","0","6","0","False","0.32","0","0","0","30"
"caring","9","5","Big Z","False","630","160","13","6","2","21","1","False","0.32","0","0","0","40"
"caring","10","2","Toothless","True","132","0","5","0","0","6","0","False","0.32","0","0","0","30"
"caring","10","5","Big Z","False","1230","180","32","6","3","41","1","False","0.32","0","0","0","40"
"caring","11","2","Toothless","True","132","0","5","0","0","6","0","False","0.32","0","0","0","30"
"caring","11","5","Big Z","False","810","180","18","7","2","27","1","False","0.32","0","0","0","40"
"caring","12","2","Toothless","True","132","0","5","0","0","6","0","False","0.32","0","0","0","30"
"caring","12","5","Big Z","False","360","160","4","8","0","12","1","False","0.32","0","0","0","40"
"caring","13","2","Toothless","True","132","0","5","0","0","6","0","False","0.32","0","0","0","30"
"caring","13","5","Big Z","False","900","180","21","5","4","30","1","False","0.32","0","0","0","40"
"caring","14","2","Toothless","True","132","0","5","0","0","6","0","False","0.32","0","0","0","30"
"caring","14","5","Big Z","False","930","180","22","9","0","31","1","False","0.32","0","0","0","40"
"caring","15","2","Toothless","True","132","0","5","0","0","6","0","False","0.32","0","0","0","30"
"caring","15","5","Big Z","False","420","160","6","5","3","14","1","False","0.32","0","0","0","40"
"caring","16","2","Toothless","True","132","0","5","0","0","6","0","False","0.32","0","0","0","30"
"caring","16","5","Big Z","False","810","180","18","5","4","27","1","False","0.32","0","0","0","40"
"caring","17","2","Toothless","True","132","0","5","0","0","6","0","False","0.32","0","0","0","30"
"caring","17","5","Big Z","False","840","180","19","5","4","28","1","False","0.32","0","0","0","40"
"caring","18","2","Toothless","True","132","0","5","0","0","6","0","False","0.32","0","0","0","30"
"caring","18","5","Big Z","False","450","160","7","6","2","15","1","False","0.32","0","0","0","40"
"caring","19","2","Toothless","True","132","0","5","0","0","6","0","False","0.32","0","0","0","30"
"caring","19","5","Big Z","False","570","160","11","6","2","19","1","False","0.32","0","0","0","40"
"caring","20","2","Toothless","True","132","0","5","0","0","6","0","False","0.32","0","0","0","30"
"caring","20","5","Big Z","False","300","160","2","7","1","10","1","False","0.32","0","0","0","40"
"caring","21","2","Toothless","True","132","0","5","0","0","6","0","False","0.32","0","0","0","30"
"caring","21","5","Big Z","False","540","160","10","7","1","18","1","False","0.32","0","0","0","40"
"caring","22","2","Toothless","True","132","0","5","0","0","6","0","False","0.32","0","0","0","30"
"caring","22","5","Big Z","False","540","160","10","7","1","18","1","False","0.32","0","0","0","40"
"caring","23","2","Toothless","True","132","0","5","0","0","6","0","False","0.32","0","0","0","30"
"caring","23","5","Big Z","False","720","160","16","8","0","24","1","False","0.32","0","0","0","40"
"caring","24","2","Toothless","True","132","0","5","0","0","6","0","False","0.32","0","0","0","30"
"caring","24","5","Big Z","False","1170","180","30","8","1","39","1","False","0.32","0","0","0","40"
"caring","25","2","Toothless","True","132","0","5","0","0","6","0","False","0.32","0","0","0","30"
"caring","25","5","Big Z","False","780","160","18","7","1","26","1","False","0.32","0","0","0","40"
"caring","26","2","Toothless","True","132","0","5","0","0","6","0","False","0.32","0","0","0","30"
"caring","26","5","Big Z","False","1050","180","26","7","2","35","1","False","0.32","0","0","0","40"
"caring","27","2","Toothless","True","132","0","5","0","0","6","0","False","0.32","0","0","0","30"
"caring","27","5","Big Z","False","420","160","6","6","2","14","1","False","0.32","0","0","0","40"
"caring","28","2","Toothless","True","132","0","5","0","0","6","0","False","0.32","0","0","0","30"
"caring","28","5","Big Z","False","600","160","12","7","1","20","1","False","0.32","0","0","0","40"
"caring","29","2","Toothless","True","132","0","5","0","0","6","0","False","0.32","0","0","0","30"
"caring","29","5","Big Z","False","750","180","16","7","2","25","1","False","0.32","0","0","0","40"
"caring","30","2","Toothless","True","132","0","5","0","0","6","0","False","0.32","0","0","0","30"
"caring","30","5","Big Z","False","630","160","13","7","1","21","1","False","0.32","0","0","0","40"
"caring","31","2","Toothless","True","132","0","5","0","0","6","0","False","0.32","0","0","0","30"
"caring","31","5","Big Z","False","570","160","11","7","1","19","1","False","0.32","0","0","0","40"
"caring","32","2","Toothless","True","132","0","5","0","0","6","0","False","0.32","0","0","0","30"
"caring","32","5","Big Z","False","720","180","15","7","2","24","1","False","0.32","0","0","0","40"
"caring","33","2","Toothless","True","132","0","5","0","0","6","0","False","0.32","0","0","0","30"
"caring","33","5","Big Z","False","480","160","8","6","2","16","1","False","0.32","0","0","0","40"
"caring","34","2","Toothless","True","132","0","5","0","0","6","0","False","0.32","0","0","0","30"
"caring","34","5","Big Z","False","690","180","14","7","2","23","1","False","0.32","0","0","0","40"
"caring","35","2","Toothless","True","132","0","5","0","0","6","0","False","0.32","0","0","0","30"
"caring","35","5","Big Z","False","540","160","10","7","1","18","1","False","0.32","0","0","0","40"
"caring","36","2","Toothless","True","132","0","5","0","0","6","0","False","0.32","0","0","0","30"
"caring","36","5","Big Z","False","960","180","23","7","2","32","1","False","0.32","0","0","0","40"
"caring","37","2","Toothless","True","132","0","5","0","0","6","0","False","0.32","0","0","0","30"
"caring","37","5","Big Z","False","870","180","20","7","2","29","1","False","0.32","0","0","0","40"
"caring","38","2","Toothless","True","132","0","5","0","0","6","0","False","0.32","0","0","0","30"
"caring","38","5","Big Z","False","750","160","17","8","0","25","1","False","0.32","0","0","0","40"
"caring","39","2","Toothless","True","132","0","5","0","0","6","0","False","0.32","0","0","0","30"
"caring","39","5","Big Z","False","660","160","14","7","1","22","1","False","0.32","0","0","0","40"
"caring","40","2","Toothless","True","132","0","5","0","0","6","0","False","0.32","0","0","0","30"
"caring","40","5","Big Z","False","330","160","3","7","1","11","1","False","0.32","0","0","0","40"
"sloppy","1","2","Toothless","False","80","105","2","1","6","5","1","False","0.32","0","0","0","20"
"sloppy","2","2","Toothless","True","120","90","5","0","6","8","0","False","0.32","0","0","0","20"
"sloppy","2","5","Big Z","False","60","60","1","2","1","3","1","False","0.32","0","0","0","22"
"sloppy","3","2","Toothless","True","120","75","5","2","3","8","0","False","0.32","0","0","0","20"
"sloppy","3","5","Big Z","False","92","80","1","3","1","5","1","False","0.32","0","0","0","22"
"sloppy","4","2","Toothless","True","133","30","6","0","2","7","0","False","0.32","0","0","0","25"
"sloppy","4","5","Big Z","False","204","100","5","5","0","10","1","False","0.32","0","0","0","26"
"sloppy","5","2","Toothless","True","126","75","2","2","3","7","0","False","0.32","0","0","0","25"
"sloppy","5","5","Big Z","False","185","80","5","2","2","9","1","False","0.32","0","0","0","26"
"sloppy","6","2","Toothless","True","120","75","4","2","3","8","0","False","0.32","0","0","0","20"
"sloppy","6","5","Big Z","False","76","60","1","2","1","4","1","False","0.32","0","0","0","26"
"sloppy","7","2","Toothless","True","126","90","2","2","4","7","0","False","0.32","0","0","0","25"
"sloppy","7","5","Big Z","False","52","20","1","0","1","2","1","False","0.32","0","0","0","30"
"sloppy","8","2","Toothless","True","140","60","1","3","1","6","0","False","0.32","0","0","0","30"
"sloppy","8","5","Big Z","False","76","80","1","2","2","4","1","False","0.32","0","0","0","26"
"sloppy","10","2","Toothless","True","140","75","5","1","4","7","0","False","0.32","0","0","0","25"
"sloppy","10","5","Big Z","False","83","100","0","3","2","4","1","False","0.32","0","0","0","26"
"sloppy","9","2","Toothless","False","108","120","4","2","6","6","1","False","0.32","0","0","0","25"
"sloppy","11","2","Toothless","True","133","45","4","2","1","7","0","False","0.32","0","0","0","25"
"sloppy","11","5","Big Z","False","38","100","0","2","3","2","1","False","0.32","0","0","0","26"
"sloppy","12","2","Toothless","False","105","105","2","5","2","7","1","False","0.32","0","0","0","20"
"sloppy","13","2","Toothless","True","125","75","2","5","0","8","0","False","0.32","0","0","0","20"
"sloppy","13","5","Big Z","False","45","60","1","1","2","2","1","False","0.32","0","0","0","26"
"sloppy","14","2","Toothless","True","133","75","4","1","4","7","0","False","0.32","0","0","0","25"
"sloppy","14","5","Big Z","False","26","60","0","1","2","1","1","False","0.32","0","0","0","35"
"sloppy","15","2","Toothless","True","130","30","5","0","2","8","0","False","0.32","0","0","0","20"
"sloppy","15","5","Big Z","False","54","100","0","2","3","3","1","False","0.32","0","0","0","22"
"sloppy","16","2","Toothless","True","120","30","5","1","1","8","0","False","0.32","0","0","0","20"
"sloppy","16","5","Big Z","False","71","100","1","2","3","4","1","False","0.32","0","0","0","19"
"sloppy","17","2","Toothless","True","122","75","3","0","5","6","0","False","0.32","0","0","0","25"
"sloppy","17","5","Big Z","False","154","100","3","3","2","7","1","False","0.32","0","0","0","26"
"sloppy","18","2","Toothless","True","133","75","2","3","2","7","0","False","0.32","0","0","0","25"
"sloppy","18","5","Big Z","False","97","40","2","2","0","4","1","False","0.32","0","0","0","26"
"sloppy","19","2","Toothless","True","129","45","3","0","3","6","0","False","0.32","0","0","0","25"
"sloppy","19","5","Big Z","False","86","100","1","4","1","5","1","False","0.32","0","0","0","22"
"sloppy","20","2","Toothless","True","133","90","3","1","5","7","0","False","0.32","0","0","0","25"
"sloppy","20","5","Big Z","False","22","40","0","1","1","1","1","False","0.32","0","0","0","22"
"sloppy","21","2","Toothless","False","104","120","0","5","3","5","1","False","0.32","0","0","0","25"
"sloppy","22","2","Toothless","True","120","75","4","1","4","8","0","False","0.32","0","0","0","20"
"sloppy","22","5","Big Z","False","38","60","1","0","3","2","1","False","0.32","0","0","0","26"
"sloppy","23","2","Toothless","True","125","75","3","4","1","8","0","False","0.32","0","0","0","20"
"sloppy","23","5","Big Z","False","76","80","0","4","0","4","1","False","0.32","0","0","0","22"
"sloppy","24","2","Toothless","False","104","120","4","1","7","5","1","False","0.32","0","0","0","25"
"sloppy","25","2","Toothless","False","100","105","2","4","3","6","1","False","0.32","0","0","0","20"
"sloppy","26","2","Toothless","False","60","105","3","1","6","4","1","False","0.32","0","0","0","20"
"sloppy","27","2","Toothless","True","133","105","1","5","2","7","0","False","0.32","0","0","0","25"
"sloppy","27","5","Big Z","False","19","20","0","1","0","1","1","False","0.32","0","0","0","26"
"sloppy","28","2","Toothless","True","129","105","1","3","4","6","0","False","0.32","0","0","0","25"
"sloppy","28","5","Big Z","False","38","40","0","1","1","2","1","False","0.32","0","0","0","22"
"sloppy","29","2","Toothless","True","133","30","4","0","2","7","0","False","0.32","0","0","0","25"
"sloppy","29","5","Big Z","False","70","100","1","3","2","4","1","False","0.32","0","0","0","22"
"sloppy","30","2","Toothless","True","129","105","2","2","5","6","0","False","0.32","0","0","0","25"
"sloppy","31","2","Toothless","True","133","90","2","2","4","7","0","False","0.32","0","0","0","25"
"sloppy","31","5","Big Z","False","19","40","0","0","2","1","1","False","0.32","0","0","0","26"
"sloppy","32","2","Toothless","True","129","30","5","0","2","6","0","False","0.32","0","0","0","25"
"sloppy","32","5","Big Z","False","147","100","4","2","3","7","1","False","0.32","0","0","0","26"
"sloppy","33","2","Toothless","True","129","45","3","1","2","6","0","False","0.32","0","0","0","25"
"sloppy","33","5","Big Z","False","109","80","3","2","2","5","1","False","0.32","0","0","0","26"
"sloppy","34","2","Toothless","True","122","75","2","3","2","6","0","False","0.32","0","0","0","25"
"sloppy","34","5","Big Z","False","60","40","1","1","1","2","1","False","0.32","0","0","0","30"
"sloppy","35","2","Toothless","True","129","45","3","0","3","6","0","False","0.32","0","0","0","25"
"sloppy","35","5","Big Z","False","54","100","0","3","2","3","1","False","0.32","0","0","0","22"
"sloppy","36","2","Toothless","True","133","75","5","1","4","7","0","False","0.32","0","0","0","25"
"sloppy","36","5","Big Z","False","128","80","2","3","1","6","1","False","0.32","0","0","0","26"
"sloppy","37","2","Toothless","False","115","105","0","3","4","7","1","False","0.32","0","0","0","20"
"sloppy","38","2","Toothless","False","115","120","0","5","3","6","1","False","0.32","0","0","0","25"
"sloppy","39","2","Toothless","True","126","60","3","2","2","7","0","False","0.32","0","0","0","25"
"sloppy","39","5","Big Z","False","71","80","1","2","2","3","1","False","0.32","0","0","0","26"
"sloppy","40","2","Toothless","False","75","105","2","0","7","5","1","False","0.32","0","0","0","20"
"upgrade-first","1","2","Toothless","True","132","0","5","0","0","6","0","False","0.32","1","0","0","30"
"upgrade-first","1","5","Big Z","False","980","200","35","4","6","45","2","True","0.38","3","0","0","38"
"upgrade-first","2","2","Toothless","True","132","0","5","0","0","6","0","False","0.32","1","0","0","30"
"upgrade-first","2","5","Big Z","False","1121","215","40","6","6","52","2","True","0.38","3","0","0","34"
"upgrade-first","3","2","Toothless","True","132","0","5","0","0","6","0","False","0.32","1","0","0","30"
"upgrade-first","3","5","Big Z","False","900","200","35","5","5","45","2","True","0.38","3","0","0","38"
"upgrade-first","4","2","Toothless","True","132","0","5","0","0","6","0","False","0.32","1","0","0","30"
"upgrade-first","4","5","Big Z","False","1304","220","47","8","3","58","2","True","0.38","3","0","0","38"
"upgrade-first","5","2","Toothless","True","132","0","5","0","0","6","0","False","0.32","1","0","0","30"
"upgrade-first","5","5","Big Z","False","1376","220","51","7","4","62","2","True","0.38","3","0","0","38"
"upgrade-first","6","2","Toothless","True","132","0","5","0","0","6","0","False","0.32","1","0","0","30"
"upgrade-first","6","5","Big Z","False","880","200","30","6","4","40","2","True","0.38","3","0","0","38"
"upgrade-first","7","2","Toothless","True","132","0","5","0","0","6","0","False","0.32","1","0","0","30"
"upgrade-first","7","5","Big Z","False","1280","220","54","2","9","65","2","True","0.38","3","0","0","38"
"upgrade-first","8","2","Toothless","True","132","0","5","0","0","6","0","False","0.32","1","0","0","30"
"upgrade-first","8","5","Big Z","False","1504","220","57","8","3","68","2","True","0.38","3","0","0","38"
"upgrade-first","9","2","Toothless","True","132","0","5","0","0","6","0","False","0.32","1","0","0","30"
"upgrade-first","9","5","Big Z","False","1568","220","60","7","4","71","2","True","0.38","3","0","0","38"
"upgrade-first","10","2","Toothless","True","132","0","5","0","0","6","0","False","0.32","1","0","0","30"
"upgrade-first","10","5","Big Z","False","2304","240","81","4","8","93","2","True","0.38","3","0","0","38"
"upgrade-first","11","2","Toothless","True","132","0","5","0","0","6","0","False","0.32","1","0","0","30"
"upgrade-first","11","5","Big Z","False","976","200","42","7","3","52","2","True","0.38","3","0","0","38"
"upgrade-first","12","2","Toothless","True","132","0","5","0","0","6","0","False","0.32","1","0","0","30"
"upgrade-first","12","5","Big Z","False","688","200","26","5","5","36","2","True","0.38","3","0","0","38"
"upgrade-first","13","2","Toothless","True","132","0","5","0","0","6","0","False","0.32","1","0","0","30"
"upgrade-first","13","5","Big Z","False","1720","220","84","5","6","95","2","True","0.38","3","0","0","38"
"upgrade-first","14","2","Toothless","True","132","0","5","0","0","6","0","False","0.32","1","0","0","30"
"upgrade-first","14","5","Big Z","False","1872","240","67","10","2","79","2","True","0.38","3","0","0","38"
"upgrade-first","15","2","Toothless","True","132","0","5","0","0","6","0","False","0.32","1","0","0","30"
"upgrade-first","15","5","Big Z","False","1376","220","46","3","8","57","2","True","0.38","3","0","0","38"
"upgrade-first","16","2","Toothless","True","132","0","5","0","0","6","0","False","0.32","1","0","0","30"
"upgrade-first","16","5","Big Z","False","1168","220","40","8","3","51","2","True","0.38","3","0","0","38"
"upgrade-first","17","2","Toothless","True","132","0","5","0","0","6","0","False","0.32","1","0","0","30"
"upgrade-first","17","5","Big Z","False","1147","215","45","10","2","57","2","True","0.38","3","0","0","34"
"upgrade-first","18","2","Toothless","True","132","0","5","0","0","6","0","False","0.32","1","0","0","30"
"upgrade-first","18","5","Big Z","False","2024","240","71","6","6","83","2","True","0.38","3","0","0","38"
"upgrade-first","19","2","Toothless","True","132","0","5","0","0","6","0","False","0.32","1","0","0","30"
"upgrade-first","19","5","Big Z","False","1848","240","69","7","5","81","2","True","0.38","3","0","0","38"
"upgrade-first","20","2","Toothless","True","132","0","5","0","0","6","0","False","0.32","1","0","0","30"
"upgrade-first","20","5","Big Z","False","672","200","24","7","3","34","2","True","0.38","3","0","0","38"
"upgrade-first","21","2","Toothless","True","132","0","5","0","0","6","0","False","0.32","1","0","0","30"
"upgrade-first","21","5","Big Z","False","1424","220","52","7","4","63","2","True","0.38","3","0","0","38"
"upgrade-first","22","2","Toothless","True","132","0","5","0","0","6","0","False","0.32","1","0","0","30"
"upgrade-first","22","5","Big Z","False","900","200","25","6","4","35","2","True","0.38","3","0","0","38"
"upgrade-first","23","2","Toothless","True","132","0","5","0","0","6","0","False","0.32","1","0","0","30"
"upgrade-first","23","5","Big Z","False","640","200","15","6","4","25","2","True","0.38","3","0","0","38"
"upgrade-first","24","2","Toothless","True","132","0","5","0","0","6","0","False","0.32","1","0","0","30"
"upgrade-first","24","5","Big Z","False","1088","200","51","3","7","61","2","True","0.38","3","0","0","38"
"upgrade-first","25","2","Toothless","True","132","0","5","0","0","6","0","False","0.32","1","0","0","30"
"upgrade-first","25","5","Big Z","False","1260","220","39","8","3","50","2","True","0.38","3","0","0","38"
"upgrade-first","26","2","Toothless","True","132","0","5","0","0","6","0","False","0.32","1","0","0","30"
"upgrade-first","26","5","Big Z","False","928","200","41","5","5","51","2","True","0.38","3","0","0","38"
"upgrade-first","27","2","Toothless","True","132","0","5","0","0","6","0","False","0.32","1","0","0","30"
"upgrade-first","27","5","Big Z","False","1664","220","72","7","4","83","2","True","0.38","3","0","0","38"
"upgrade-first","28","2","Toothless","True","132","0","5","0","0","6","0","False","0.32","1","0","0","30"
"upgrade-first","28","5","Big Z","False","1820","240","58","8","4","70","2","True","0.38","3","0","0","38"
"upgrade-first","29","2","Toothless","True","132","0","5","0","0","6","0","False","0.32","1","0","0","30"
"upgrade-first","29","5","Big Z","False","1112","220","33","10","1","44","2","True","0.38","3","0","0","38"
"upgrade-first","30","2","Toothless","True","132","0","5","0","0","6","0","False","0.32","1","0","0","30"
"upgrade-first","30","5","Big Z","False","976","200","32","6","4","42","2","True","0.38","3","0","0","38"
"upgrade-first","31","2","Toothless","True","132","0","5","0","0","6","0","False","0.32","1","0","0","30"
"upgrade-first","31","5","Big Z","False","900","200","30","4","6","40","2","True","0.38","3","0","0","38"
"upgrade-first","32","2","Toothless","True","132","0","5","0","0","6","0","False","0.32","1","0","0","30"
"upgrade-first","32","5","Big Z","False","764","200","28","9","1","38","2","True","0.38","3","0","0","38"
"upgrade-first","33","2","Toothless","True","132","0","5","0","0","6","0","False","0.32","1","0","0","30"
"upgrade-first","33","5","Big Z","False","2956","280","98","9","5","112","2","True","0.38","3","0","0","38"
"upgrade-first","34","2","Toothless","True","132","0","5","0","0","6","0","False","0.32","1","0","0","30"
"upgrade-first","34","5","Big Z","False","1984","240","76","7","5","88","2","True","0.38","3","0","0","38"
"upgrade-first","35","2","Toothless","True","132","0","5","0","0","6","0","False","0.32","1","0","0","30"
"upgrade-first","35","5","Big Z","False","836","200","37","6","4","47","2","True","0.38","3","0","0","38"
"upgrade-first","36","2","Toothless","True","132","0","5","0","0","6","0","False","0.32","1","0","0","30"
"upgrade-first","36","5","Big Z","False","1620","240","53","7","5","65","2","True","0.38","3","0","0","38"
"upgrade-first","37","2","Toothless","True","132","0","5","0","0","6","0","False","0.32","1","0","0","30"
"upgrade-first","37","5","Big Z","False","660","200","20","4","6","30","2","True","0.38","3","0","0","38"
"upgrade-first","38","2","Toothless","True","132","0","5","0","0","6","0","False","0.32","1","0","0","30"
"upgrade-first","38","5","Big Z","False","840","200","35","5","5","45","2","True","0.38","3","0","0","38"
"upgrade-first","39","2","Toothless","True","132","0","5","0","0","6","0","False","0.32","1","0","0","30"
"upgrade-first","39","5","Big Z","False","2372","260","81","11","2","94","2","True","0.38","3","0","0","38"
"upgrade-first","40","2","Toothless","True","132","0","5","0","0","6","0","False","0.32","1","0","0","30"
"upgrade-first","40","5","Big Z","False","1756","235","71","5","8","84","2","True","0.38","3","0","0","34"
"human","1","5","Big Z","False","95","100","2","3","2","6","1","False","0.32","2","0","0","20"
"human","2","5","Big Z","False","165","100","5","3","2","10","1","False","0.32","3","0","0","19"
"human","3","2","Toothless","True","120","60","4","0","4","8","0","False","0.32","1","0","0","20"
"human","3","5","Big Z","False","100","140","2","3","4","8","2","True","0.38","3","0","0","25"
"human","4","5","Big Z","False","97","80","3","2","2","7","1","True","0.38","2","0","0","15"
"human","5","2","Toothless","True","120","0","5","0","0","6","0","False","0.32","0","0","0","20"
"human","5","5","Big Z","False","250","180","9","5","4","15","2","False","0.32","0","1","0","22"
"human","6","2","Toothless","True","122","45","3","2","1","6","0","False","0.32","1","0","0","25"
"human","6","5","Big Z","False","260","120","4","4","2","10","1","False","0.32","3","0","0","30"
"human","7","2","Toothless","True","135","0","6","0","0","7","0","False","0.32","0","0","0","20"
"human","7","5","Big Z","False","684","200","36","6","4","46","2","True","0.38","0","0","1","22"
"human","8","5","Big Z","False","137","100","6","3","2","11","1","False","0.32","0","0","2","15"
"human","9","5","Big Z","False","98","100","2","2","3","5","1","True","0.38","0","1","0","22"
"human","10","5","Big Z","False","116","100","1","3","2","5","1","False","0.32","0","0","1","26"
"human","11","2","Toothless","True","122","30","4","0","2","6","0","False","0.32","1","0","0","25"
"human","11","5","Big Z","False","154","80","5","2","2","7","1","False","0.32","3","0","0","25"
"human","12","2","Toothless","True","120","45","2","2","1","6","0","False","0.32","1","0","0","20"
"human","12","5","Big Z","False","137","140","5","4","3","11","2","True","0.38","3","0","0","15"
"human","13","5","Big Z","False","59","80","2","2","2","5","1","False","0.32","2","0","0","15"
"human","14","2","Toothless","True","125","30","2","2","0","5","0","False","0.32","1","0","0","25"
"human","14","5","Big Z","False","227","120","4","5","1","9","1","False","0.32","3","0","0","26"
"human","15","5","Big Z","False","115","100","4","2","3","7","1","False","0.32","3","0","0","20"
"human","16","5","Big Z","False","147","100","5","1","4","8","1","True","0.38","0","1","0","19"
"human","17","5","Big Z","False","1100","160","27","5","3","33","1","True","0.38","0","0","2","40"
"human","18","2","Toothless","True","130","60","4","1","3","7","0","False","0.32","0","0","0","20"
"human","18","5","Big Z","False","251","145","7","5","4","15","2","False","0.32","0","1","0","20"
"human","19","5","Big Z","False","30","60","0","1","2","2","1","True","0.38","0","1","0","20"
"human","20","2","Toothless","True","135","0","7","0","0","8","0","False","0.32","1","0","0","20"
"human","20","5","Big Z","False","180","140","9","4","3","15","2","False","0.32","3","0","0","15"
"human","21","5","Big Z","False","554","120","14","0","6","19","1","True","0.38","2","0","0","30"
"human","22","2","Toothless","True","135","75","5","2","3","8","0","False","0.32","1","0","0","20"
"human","22","5","Big Z","False","48","80","0","3","1","3","1","False","0.32","3","0","0","22"
"human","23","5","Big Z","False","127","80","5","3","1","9","1","False","0.32","3","0","0","15"
"human","24","2","Toothless","False","115","105","2","4","3","7","1","False","0.32","0","0","0","20"
"human","25","2","Toothless","True","130","45","3","1","2","7","0","False","0.32","1","0","0","20"
"human","25","5","Big Z","False","267","190","4","8","3","13","2","False","0.32","3","0","0","19"
"human","26","5","Big Z","False","774","140","20","6","1","27","1","True","0.38","3","0","0","35"
"human","27","2","Toothless","True","120","30","5","1","1","7","0","False","0.32","0","0","0","20"
"human","27","5","Big Z","False","130","80","7","3","1","10","1","False","0.32","0","0","0","15"
"human","28","5","Big Z","False","352","120","10","4","2","16","1","False","0.32","0","1","0","22"
"human","29","5","Big Z","False","85","100","3","1","4","5","1","True","0.38","0","1","0","19"
"human","30","5","Big Z","False","135","80","5","3","1","9","1","True","0.38","0","0","0","15"
"human","31","2","Toothless","True","129","30","4","0","2","6","0","False","0.32","0","0","0","25"
"human","31","5","Big Z","False","274","120","5","6","0","11","1","False","0.32","0","1","0","30"
"human","32","5","Big Z","False","134","100","2","1","4","5","1","True","0.38","3","0","0","30"
"human","33","2","Toothless","True","125","0","7","0","0","8","0","False","0.32","0","0","0","20"
"human","33","5","Big Z","False","318","180","24","3","6","30","2","True","0.38","2","0","0","15"
"human","34","2","Toothless","True","130","75","4","1","4","7","0","False","0.32","1","0","0","20"
"human","34","5","Big Z","False","170","180","6","4","5","12","2","True","0.38","3","0","0","20"
"human","35","2","Toothless","False","75","105","1","1","6","5","1","False","0.32","1","0","0","20"
"human","36","5","Big Z","False","146","100","4","4","1","9","1","False","0.32","3","0","0","19"
"human","37","2","Toothless","True","143","15","5","0","1","6","0","False","0.32","0","0","1","25"
"human","37","5","Big Z","False","202","120","2","3","3","7","1","False","0.32","0","0","2","30"
"human","38","2","Toothless","True","130","0","7","0","0","8","0","False","0.32","1","0","0","20"
"human","38","5","Big Z","False","164","160","8","4","4","13","2","True","0.38","3","0","0","19"
"human","39","2","Toothless","True","130","15","6","0","1","7","0","False","0.32","1","0","0","20"
"human","39","5","Big Z","False","114","100","1","5","0","6","1","False","0.32","3","0","0","19"
"human","40","5","Big Z","False","393","120","12","2","4","17","1","True","0.38","3","0","0","26"
