"prof","seed","day","t","newLevel","points"
"perfect","1","1","5.083","2","1"
"perfect","1","1","15.85","3","2"
"perfect","1","2","71.101","4","3"
"perfect","1","4","142.393","5","4"
"perfect","2","1","5.017","2","1"
"perfect","2","1","15.817","3","2"
"perfect","2","2","72.184","4","3"
"perfect","2","4","141.11","5","4"
"perfect","3","1","3.9","2","1"
"perfect","3","1","14.75","3","2"
"perfect","3","2","67.1","4","3"
"perfect","3","4","137.694","5","4"
"perfect","4","1","4.217","2","1"
"perfect","4","1","15.45","3","2"
"perfect","4","2","70.517","4","3"
"perfect","4","4","140.06","5","4"
"perfect","5","1","4.8","2","1"
"perfect","5","1","15.067","3","2"
"perfect","5","2","73.435","4","3"
"perfect","5","4","142.643","5","4"
"perfect","6","1","5.333","2","1"
"perfect","6","1","14.967","3","2"
"perfect","6","2","74.218","4","3"
"perfect","6","4","142.443","5","4"
"perfect","7","1","4.9","2","1"
"perfect","7","1","14.383","3","2"
"perfect","7","2","66.567","4","3"
"perfect","7","4","137.694","5","4"
"perfect","8","1","4.617","2","1"
"perfect","8","1","15.217","3","2"
"perfect","8","2","75.218","4","3"
"perfect","8","4","143.476","5","4"
"perfect","9","1","5.05","2","1"
"perfect","9","1","14.983","3","2"
"perfect","9","2","71.768","4","3"
"perfect","9","4","141.576","5","4"
"perfect","10","1","4.75","2","1"
"perfect","10","1","15.133","3","2"
"perfect","10","2","70.784","4","3"
"perfect","10","4","138.494","5","4"
"perfect","11","1","4.6","2","1"
"perfect","11","1","15.833","3","2"
"perfect","11","2","73.485","4","3"
"perfect","11","4","141.926","5","4"
"perfect","12","1","4.617","2","1"
"perfect","12","1","14.217","3","2"
"perfect","12","2","69.684","4","3"
"perfect","12","4","141.376","5","4"
"perfect","13","1","3.983","2","1"
"perfect","13","1","14.7","3","2"
"perfect","13","2","65.566","4","3"
"perfect","13","4","138.544","5","4"
"perfect","14","1","4.483","2","1"
"perfect","14","1","13.95","3","2"
"perfect","14","2","72.801","4","3"
"perfect","14","4","143.442","5","4"
"perfect","15","1","5.333","2","1"
"perfect","15","1","15.3","3","2"
"perfect","15","2","72.751","4","3"
"perfect","15","4","144.375","5","4"
"perfect","16","1","5.8","2","1"
"perfect","16","1","16.767","3","2"
"perfect","16","2","70.517","4","3"
"perfect","16","4","139.693","5","4"
"perfect","17","1","4.667","2","1"
"perfect","17","1","15.017","3","2"
"perfect","17","2","71.034","4","3"
"perfect","17","4","139.377","5","4"
"perfect","18","1","4.267","2","1"
"perfect","18","1","14.517","3","2"
"perfect","18","2","68.25","4","3"
"perfect","18","4","138.66","5","4"
"perfect","19","1","5","2","1"
"perfect","19","1","16.467","3","2"
"perfect","19","2","75.085","4","3"
"perfect","19","4","145.242","5","4"
"perfect","20","1","4.817","2","1"
"perfect","20","1","14.417","3","2"
"perfect","20","2","72.084","4","3"
"perfect","20","4","141.676","5","4"
"perfect","21","1","5","2","1"
"perfect","21","1","15.167","3","2"
"perfect","21","2","73.001","4","3"
"perfect","21","4","143.992","5","4"
"perfect","22","1","4.7","2","1"
"perfect","22","1","13.783","3","2"
"perfect","22","2","65.4","4","3"
"perfect","22","4","138.277","5","4"
"perfect","23","1","4.6","2","1"
"perfect","23","1","15.533","3","2"
"perfect","23","2","70.117","4","3"
"perfect","23","4","140.526","5","4"
"perfect","24","1","3.85","2","1"
"perfect","24","1","14.483","3","2"
"perfect","24","2","70.184","4","3"
"perfect","24","4","139.293","5","4"
"perfect","25","1","4.167","2","1"
"perfect","25","1","14.35","3","2"
"perfect","25","2","72.851","4","3"
"perfect","25","4","144.042","5","4"
"perfect","26","1","5.617","2","1"
"perfect","26","1","15.95","3","2"
"perfect","26","2","73.668","4","3"
"perfect","26","4","144.709","5","4"
"perfect","27","1","4.433","2","1"
"perfect","27","1","15.167","3","2"
"perfect","27","2","71.834","4","3"
"perfect","27","4","142.243","5","4"
"perfect","28","1","4.1","2","1"
"perfect","28","1","14.333","3","2"
"perfect","28","2","68.967","4","3"
"perfect","28","4","139.293","5","4"
"perfect","29","1","4.933","2","1"
"perfect","29","1","14.383","3","2"
"perfect","29","2","66.116","4","3"
"perfect","29","4","138.41","5","4"
"perfect","30","1","4.25","2","1"
"perfect","30","1","14.233","3","2"
"perfect","30","2","66.45","4","3"
"perfect","30","4","136.061","5","4"
"perfect","31","1","5.217","2","1"
"perfect","31","1","15.583","3","2"
"perfect","31","2","71.568","4","3"
"perfect","31","4","142.726","5","4"
"perfect","32","1","4.067","2","1"
"perfect","32","1","14.517","3","2"
"perfect","32","2","67.383","4","3"
"perfect","32","4","138.11","5","4"
"perfect","33","1","4.967","2","1"
"perfect","33","1","14.833","3","2"
"perfect","33","2","68.117","4","3"
"perfect","33","4","138.544","5","4"
"perfect","34","1","4.533","2","1"
"perfect","34","1","14.767","3","2"
"perfect","34","2","69.35","4","3"
"perfect","34","4","140.36","5","4"
"perfect","35","1","5.417","2","1"
"perfect","35","1","15.467","3","2"
"perfect","35","2","72.018","4","3"
"perfect","35","4","142.543","5","4"
"perfect","36","1","5.267","2","1"
"perfect","36","1","16.25","3","2"
"perfect","36","2","75.652","4","3"
"perfect","36","4","144.575","5","4"
"perfect","37","1","5.433","2","1"
"perfect","37","1","15.45","3","2"
"perfect","37","2","71.184","4","3"
"perfect","37","4","143.442","5","4"
"perfect","38","1","5.183","2","1"
"perfect","38","1","14.617","3","2"
"perfect","38","2","69.934","4","3"
"perfect","38","4","142.742","5","4"
"perfect","39","1","4.3","2","1"
"perfect","39","1","14.183","3","2"
"perfect","39","2","71.368","4","3"
"perfect","39","4","142.393","5","4"
"caring","1","1","5.083","2","1"
"caring","1","1","15.85","3","2"
"caring","1","2","74.635","4","3"
"caring","1","4","172.868","5","4"
"perfect","40","1","5.133","2","1"
"perfect","40","1","14.967","3","2"
"perfect","40","2","68.984","4","3"
"perfect","40","4","139.16","5","4"
"caring","2","1","5.017","2","1"
"caring","2","1","15.817","3","2"
"caring","2","2","77.085","4","3"
"caring","2","4","171.519","5","4"
"caring","3","1","3.9","2","1"
"caring","3","1","14.75","3","2"
"caring","3","2","68.85","4","3"
"caring","3","4","168.386","5","4"
"caring","4","1","4.217","2","1"
"caring","4","1","15.45","3","2"
"caring","4","2","75.518","4","3"
"caring","4","4","171.685","5","4"
"caring","5","1","4.8","2","1"
"caring","5","1","15.067","3","2"
"caring","5","2","78.169","4","3"
"caring","5","4","175.168","5","4"
"caring","6","1","5.333","2","1"
"caring","6","1","14.967","3","2"
"caring","6","2","76.752","4","3"
"caring","6","4","171.269","5","4"
"caring","7","1","4.9","2","1"
"caring","7","1","14.383","3","2"
"caring","7","2","69.55","4","3"
"caring","7","4","165.354","5","4"
"caring","8","1","4.617","2","1"
"caring","8","1","15.217","3","2"
"caring","8","2","80.219","4","3"
"caring","8","4","178.95","5","4"
"caring","9","1","5.05","2","1"
"caring","9","1","14.983","3","2"
"caring","9","2","76.419","4","3"
"caring","9","4","174.485","5","4"
"caring","10","1","4.75","2","1"
"caring","10","1","15.133","3","2"
"caring","10","2","78.236","4","3"
"caring","10","4","167.903","5","4"
"caring","11","1","4.6","2","1"
"caring","11","1","15.833","3","2"
"caring","11","2","77.569","4","3"
"caring","11","4","176.051","5","4"
"caring","12","1","4.617","2","1"
"caring","12","1","14.217","3","2"
"caring","12","2","73.918","4","3"
"caring","12","4","169.986","5","4"
"caring","13","1","3.983","2","1"
"caring","13","1","14.7","3","2"
"caring","13","2","70.201","4","3"
"caring","13","4","163.121","5","4"
"caring","14","1","4.483","2","1"
"caring","14","1","13.95","3","2"
"caring","14","2","76.035","4","3"
"caring","14","4","172.202","5","4"
"caring","15","1","5.333","2","1"
"caring","15","1","15.3","3","2"
"caring","15","2","75.452","4","3"
"caring","15","4","172.685","5","4"
"caring","16","1","5.8","2","1"
"caring","16","1","16.767","3","2"
"caring","16","2","78.569","4","3"
"caring","16","4","176.534","5","4"
"caring","17","1","4.667","2","1"
"caring","17","1","15.017","3","2"
"caring","17","2","74.402","4","3"
"caring","17","4","173.802","5","4"
"caring","18","1","4.267","2","1"
"caring","18","1","14.517","3","2"
"caring","18","2","73.835","4","3"
"caring","18","4","175.434","5","4"
"caring","19","1","5","2","1"
"caring","19","1","16.467","3","2"
"caring","19","2","76.285","4","3"
"caring","19","4","172.469","5","4"
"caring","20","1","4.817","2","1"
"caring","20","1","14.417","3","2"
"caring","20","2","76.935","4","3"
"caring","20","4","177.217","5","4"
"caring","21","1","5","2","1"
"caring","21","1","15.167","3","2"
"caring","21","2","76.819","4","3"
"caring","21","4","177.734","5","4"
"caring","22","1","4.7","2","1"
"caring","22","1","13.783","3","2"
"caring","22","2","69.934","4","3"
"caring","22","4","169.836","5","4"
"caring","23","1","4.6","2","1"
"caring","23","1","15.533","3","2"
"caring","23","2","77.652","4","3"
"caring","23","4","167.47","5","4"
"caring","24","1","3.85","2","1"
"caring","24","1","14.483","3","2"
"caring","24","2","74.168","4","3"
"caring","24","4","169.253","5","4"
"caring","25","1","4.167","2","1"
"caring","25","1","14.35","3","2"
"caring","25","2","78.169","4","3"
"caring","25","4","169.969","5","4"
"caring","26","1","5.617","2","1"
"caring","26","1","15.95","3","2"
"caring","26","2","77.019","4","3"
"caring","26","4","168.736","5","4"
"caring","27","1","4.433","2","1"
"caring","27","1","15.167","3","2"
"caring","27","2","79.886","4","3"
"caring","27","4","181.116","5","4"
"caring","28","1","4.1","2","1"
"caring","28","1","14.333","3","2"
"caring","28","2","73.101","4","3"
"caring","28","4","164.271","5","4"
"caring","29","1","4.933","2","1"
"caring","29","1","14.383","3","2"
"caring","29","2","70.667","4","3"
"caring","29","4","166.537","5","4"
"caring","30","1","4.25","2","1"
"caring","30","1","14.233","3","2"
"caring","30","2","71.067","4","3"
"caring","30","4","169.053","5","4"
"caring","31","1","5.217","2","1"
"caring","31","1","15.583","3","2"
"caring","31","2","77.419","4","3"
"caring","31","4","176.551","5","4"
"caring","32","1","4.067","2","1"
"caring","32","1","14.517","3","2"
"caring","32","2","72.084","4","3"
"caring","32","4","170.569","5","4"
"caring","33","1","4.967","2","1"
"caring","33","1","14.833","3","2"
"caring","33","2","71.518","4","3"
"caring","33","4","170.536","5","4"
"caring","34","1","4.533","2","1"
"caring","34","1","14.767","3","2"
"caring","34","2","72.985","4","3"
"caring","34","4","168.17","5","4"
"caring","35","1","5.417","2","1"
"caring","35","1","15.467","3","2"
"caring","35","2","76.319","4","3"
"caring","35","4","173.052","5","4"
"caring","36","1","5.267","2","1"
"caring","36","1","16.25","3","2"
"caring","36","2","81.636","4","3"
"caring","36","4","174.951","5","4"
"caring","37","1","5.433","2","1"
"caring","37","1","15.45","3","2"
"caring","37","2","75.852","4","3"
"caring","37","4","176.084","5","4"
"caring","38","1","5.183","2","1"
"caring","38","1","14.617","3","2"
"caring","38","2","72.835","4","3"
"caring","38","4","171.619","5","4"
"caring","39","1","4.3","2","1"
"caring","39","1","14.183","3","2"
"caring","39","2","75.718","4","3"
"caring","39","4","173.752","5","4"
"caring","40","1","5.133","2","1"
"caring","40","1","14.967","3","2"
"caring","40","2","74.985","4","3"
"caring","40","4","172.069","5","4"
"sloppy","1","1","25.25","2","1"
"sloppy","2","1","29.183","2","1"
"sloppy","2","2","120.678","3","2"
"sloppy","2","3","254.415","4","3"
"sloppy","3","1","50.416","2","1"
"sloppy","3","2","177.284","3","2"
"sloppy","3","3","284.641","4","3"
"sloppy","4","1","28.283","2","1"
"sloppy","4","2","123.179","3","2"
"sloppy","4","3","201.195","4","3"
"sloppy","4","4","287.024","5","4"
"sloppy","5","1","13.483","2","1"
"sloppy","5","2","84.37","3","2"
"sloppy","5","3","161.338","4","3"
"sloppy","6","1","17.633","2","1"
"sloppy","6","2","150.007","3","2"
"sloppy","6","3","247.4","4","3"
"sloppy","6","4","320.599","5","4"
"sloppy","7","1","9.117","2","1"
"sloppy","7","2","101.857","3","2"
"sloppy","7","3","174.035","4","3"
"sloppy","8","1","12.533","2","1"
"sloppy","8","2","83.12","3","2"
"sloppy","8","3","184.732","4","3"
"sloppy","10","1","17.033","2","1"
"sloppy","10","2","130.895","3","2"
"sloppy","10","3","216.208","4","3"
"sloppy","9","1","11.8","2","1"
"sloppy","11","1","12.133","2","1"
"sloppy","11","2","101.191","3","2"
"sloppy","11","3","161.238","4","3"
"sloppy","12","1","34.366","2","1"
"sloppy","13","1","22.583","2","1"
"sloppy","13","2","115.877","3","2"
"sloppy","13","3","206.627","4","3"
"sloppy","14","1","22.233","2","1"
"sloppy","14","2","105.308","3","2"
"sloppy","14","3","188.048","4","3"
"sloppy","15","1","38.85","2","1"
"sloppy","15","2","126.646","3","2"
"sloppy","15","3","185.349","4","3"
"sloppy","16","1","24.116","2","1"
"sloppy","16","2","133.711","3","2"
"sloppy","16","3","268.645","4","3"
"sloppy","17","1","11.467","2","1"
"sloppy","17","2","90.738","3","2"
"sloppy","17","3","173.518","4","3"
"sloppy","18","1","7.783","2","1"
"sloppy","18","2","106.575","3","2"
"sloppy","18","3","175.684","4","3"
"sloppy","19","1","19.683","2","1"
"sloppy","19","2","114.26","3","2"
"sloppy","19","3","176.368","4","3"
"sloppy","20","1","13.133","2","1"
"sloppy","20","2","107.859","3","2"
"sloppy","20","3","199.379","4","3"
"sloppy","21","1","16.25","2","1"
"sloppy","22","1","13.133","2","1"
"sloppy","22","2","130.312","3","2"
"sloppy","22","3","217.724","4","3"
"sloppy","23","1","26.8","2","1"
"sloppy","23","2","174.002","3","2"
"sloppy","23","3","248.483","4","3"
"sloppy","24","1","15.333","2","1"
"sloppy","25","1","21.916","2","1"
"sloppy","26","1","48.683","2","1"
"sloppy","27","1","41.066","2","1"
"sloppy","27","2","135.194","3","2"
"sloppy","27","3","211.059","4","3"
"sloppy","28","1","18.917","2","1"
"sloppy","28","2","127.929","3","2"
"sloppy","28","3","222.273","4","3"
"sloppy","28","4","316.283","5","4"
"sloppy","29","1","14.583","2","1"
"sloppy","29","2","122.128","3","2"
"sloppy","29","3","207.16","4","3"
"sloppy","30","1","5.917","2","1"
"sloppy","30","2","103.624","3","2"
"sloppy","30","3","186.848","4","3"
"sloppy","30","4","293.972","5","4"
"sloppy","31","1","9.8","2","1"
"sloppy","31","2","110.259","3","2"
"sloppy","31","3","191.814","4","3"
"sloppy","32","1","12.35","2","1"
"sloppy","32","2","123.945","3","2"
"sloppy","32","3","197.196","4","3"
"sloppy","33","1","9.9","2","1"
"sloppy","33","2","98.373","3","2"
"sloppy","33","3","159.688","4","3"
"sloppy","34","1","9.967","2","1"
"sloppy","34","2","93.889","3","2"
"sloppy","34","3","156.306","4","3"
"sloppy","34","4","240.852","5","4"
"sloppy","35","1","17.85","2","1"
"sloppy","35","2","91.138","3","2"
"sloppy","35","3","203.411","4","3"
"sloppy","36","1","39.266","2","1"
"sloppy","36","2","125.812","3","2"
"sloppy","36","3","222.806","4","3"
"sloppy","37","1","25.7","2","1"
"sloppy","38","1","22.2","2","1"
"sloppy","39","1","14.883","2","1"
"sloppy","39","2","101.024","3","2"
"sloppy","39","3","171.519","4","3"
"sloppy","39","4","262.48","5","4"
"sloppy","40","1","13.667","2","1"
"upgrade-first","1","1","5.083","2","1"
"upgrade-first","1","1","22.716","3","1"
"upgrade-first","1","2","82.787","4","1"
"upgrade-first","1","3","128.396","5","1"
"upgrade-first","2","1","5.017","2","1"
"upgrade-first","2","1","20.417","3","1"
"upgrade-first","2","2","82.553","4","1"
"upgrade-first","2","3","126.779","5","1"
"upgrade-first","3","1","3.9","2","1"
"upgrade-first","3","1","19.217","3","1"
"upgrade-first","3","2","76.185","4","1"
"upgrade-first","3","3","120.661","5","1"
"upgrade-first","4","1","4.217","2","1"
"upgrade-first","4","1","21.883","3","1"
"upgrade-first","4","2","82.22","4","1"
"upgrade-first","4","3","127.53","5","1"
"upgrade-first","5","1","4.8","2","1"
"upgrade-first","5","1","20.983","3","1"
"upgrade-first","5","2","83.82","4","1"
"upgrade-first","5","3","126.813","5","1"
"upgrade-first","6","1","5.333","2","1"
"upgrade-first","6","1","21.383","3","1"
"upgrade-first","6","2","82.553","4","1"
"upgrade-first","6","3","125.929","5","1"
"upgrade-first","7","1","4.9","2","1"
"upgrade-first","7","1","19.35","3","1"
"upgrade-first","7","2","78.452","4","1"
"upgrade-first","7","3","124.429","5","1"
"upgrade-first","8","1","4.617","2","1"
"upgrade-first","8","1","19.517","3","1"
"upgrade-first","8","2","80.369","4","1"
"upgrade-first","8","3","123.545","5","1"
"upgrade-first","9","1","5.05","2","1"
"upgrade-first","9","1","19.95","3","1"
"upgrade-first","9","2","81.453","4","1"
"upgrade-first","9","3","126.346","5","1"
"upgrade-first","10","1","4.75","2","1"
"upgrade-first","10","1","22.016","3","1"
"upgrade-first","10","2","84.287","4","1"
"upgrade-first","10","3","130.112","5","1"
"upgrade-first","11","1","4.6","2","1"
"upgrade-first","11","1","22.083","3","1"
"upgrade-first","11","2","83.303","4","1"
"upgrade-first","11","3","128.346","5","1"
"upgrade-first","12","1","4.617","2","1"
"upgrade-first","12","1","19.417","3","1"
"upgrade-first","12","2","80.369","4","1"
"upgrade-first","12","3","128.913","5","1"
"upgrade-first","13","1","3.983","2","1"
"upgrade-first","13","1","20.117","3","1"
"upgrade-first","13","2","77.486","4","1"
"upgrade-first","13","3","120.411","5","1"
"upgrade-first","14","1","4.483","2","1"
"upgrade-first","14","1","19.467","3","1"
"upgrade-first","14","2","82.737","4","1"
"upgrade-first","14","3","127.413","5","1"
"upgrade-first","15","1","5.333","2","1"
"upgrade-first","15","1","20.717","3","1"
"upgrade-first","15","2","82.437","4","1"
"upgrade-first","15","3","127.496","5","1"
"upgrade-first","16","1","5.8","2","1"
"upgrade-first","16","1","23.8","3","1"
"upgrade-first","16","2","81.986","4","1"
"upgrade-first","16","3","123.695","5","1"
"upgrade-first","17","1","4.667","2","1"
"upgrade-first","17","1","20.033","3","1"
"upgrade-first","17","2","79.803","4","1"
"upgrade-first","17","3","124.429","5","1"
"upgrade-first","18","1","4.267","2","1"
"upgrade-first","18","1","19","3","1"
"upgrade-first","18","2","78.502","4","1"
"upgrade-first","18","3","125.612","5","1"
"upgrade-first","19","1","5","2","1"
"upgrade-first","19","1","22.616","3","1"
"upgrade-first","19","2","84.937","4","1"
"upgrade-first","19","3","130.096","5","1"
"upgrade-first","20","1","4.817","2","1"
"upgrade-first","20","1","20.35","3","1"
"upgrade-first","20","2","82.053","4","1"
"upgrade-first","20","3","128.196","5","1"
"upgrade-first","21","1","5","2","1"
"upgrade-first","21","1","21.567","3","1"
"upgrade-first","21","2","83.37","4","1"
"upgrade-first","21","3","129.762","5","1"
"upgrade-first","22","1","4.7","2","1"
"upgrade-first","22","1","18.283","3","1"
"upgrade-first","22","2","76.285","4","1"
"upgrade-first","22","3","122.645","5","1"
"upgrade-first","23","1","4.6","2","1"
"upgrade-first","23","1","20.883","3","1"
"upgrade-first","23","2","82.17","4","1"
"upgrade-first","23","3","128.146","5","1"
"upgrade-first","24","1","3.85","2","1"
"upgrade-first","24","1","19.983","3","1"
"upgrade-first","24","2","79.403","4","1"
"upgrade-first","24","3","126.629","5","1"
"upgrade-first","25","1","4.167","2","1"
"upgrade-first","25","1","21.083","3","1"
"upgrade-first","25","2","84.654","4","1"
"upgrade-first","25","3","130.196","5","1"
"upgrade-first","26","1","5.617","2","1"
"upgrade-first","26","1","22.583","3","1"
"upgrade-first","26","2","86.087","4","1"
"upgrade-first","26","3","131.179","5","1"
"upgrade-first","27","1","4.433","2","1"
"upgrade-first","27","1","19.533","3","1"
"upgrade-first","27","2","81.453","4","1"
"upgrade-first","27","3","128.179","5","1"
"upgrade-first","28","1","4.1","2","1"
"upgrade-first","28","1","19.967","3","1"
"upgrade-first","28","2","82.453","4","1"
"upgrade-first","28","3","130.612","5","1"
"upgrade-first","29","1","4.933","2","1"
"upgrade-first","29","1","19.883","3","1"
"upgrade-first","29","2","79.136","4","1"
"upgrade-first","29","3","125.412","5","1"
"upgrade-first","30","1","4.25","2","1"
"upgrade-first","30","1","20.183","3","1"
"upgrade-first","30","2","79.486","4","1"
"upgrade-first","30","3","125.229","5","1"
"upgrade-first","31","1","5.217","2","1"
"upgrade-first","31","1","22.766","3","1"
"upgrade-first","31","2","83.87","4","1"
"upgrade-first","31","3","131.279","5","1"
"upgrade-first","32","1","4.067","2","1"
"upgrade-first","32","1","19.183","3","1"
"upgrade-first","32","2","77.285","4","1"
"upgrade-first","32","3","123.745","5","1"
"upgrade-first","33","1","4.967","2","1"
"upgrade-first","33","1","19.533","3","1"
"upgrade-first","33","2","80.186","4","1"
"upgrade-first","33","3","123.712","5","1"
"upgrade-first","34","1","4.533","2","1"
"upgrade-first","34","1","19.9","3","1"
"upgrade-first","34","2","82.603","4","1"
"upgrade-first","34","3","129.512","5","1"
"upgrade-first","35","1","5.417","2","1"
"upgrade-first","35","1","21.65","3","1"
"upgrade-first","35","2","85.404","4","1"
"upgrade-first","35","3","130.495","5","1"
"upgrade-first","36","1","5.267","2","1"
"upgrade-first","36","1","22.083","3","1"
"upgrade-first","36","2","87.621","4","1"
"upgrade-first","36","3","133.711","5","1"
"upgrade-first","37","1","5.433","2","1"
"upgrade-first","37","1","23.016","3","1"
"upgrade-first","37","2","83.904","4","1"
"upgrade-first","37","3","127.63","5","1"
"upgrade-first","38","1","5.183","2","1"
"upgrade-first","38","1","19.917","3","1"
"upgrade-first","38","2","82.22","4","1"
"upgrade-first","38","3","127.279","5","1"
"upgrade-first","39","1","4.3","2","1"
"upgrade-first","39","1","18.783","3","1"
"upgrade-first","39","2","83.603","4","1"
"upgrade-first","39","3","130.729","5","1"
"upgrade-first","40","1","5.133","2","1"
"upgrade-first","40","1","21.816","3","1"
"upgrade-first","40","2","85.537","4","1"
"upgrade-first","40","3","131.095","5","1"
"human","1","1","18.883","2","1"
"human","1","3","135.044","3","1"
"human","2","1","34.483","2","1"
"human","2","2","116.044","3","1"
"human","2","3","186.565","4","1"
"human","3","1","22.283","2","1"
"human","3","2","96.606","3","1"
"human","3","3","203.161","4","1"
"human","4","1","11.3","2","1"
"human","4","3","88.555","3","1"
"human","5","1","11.033","2","1"
"human","5","2","69.651","3","2"
"human","5","3","128.129","4","3"
"human","5","4","204.977","5","1"
"human","6","1","6.483","2","1"
"human","6","2","86.271","3","1"
"human","6","3","140.91","4","1"
"human","6","4","206.094","5","1"
"human","7","1","13.083","2","1"
"human","7","3","113.126","3","2"
"human","7","4","174.368","4","1"
"human","8","1","13.867","2","1"
"human","8","1","48.116","3","2"
"human","8","3","128.113","4","1"
"human","8","4","213.359","5","2"
"human","9","1","17.483","2","1"
"human","9","3","147.191","3","2"
"human","9","4","247.75","4","3"
"human","10","2","36.2","2","1"
"human","10","3","91.122","3","2"
"human","11","1","9.583","2","1"
"human","11","2","110.226","3","1"
"human","11","4","272.861","4","1"
"human","12","1","33.416","2","1"
"human","12","2","108.342","3","1"
"human","12","3","219.557","4","1"
"human","13","2","45.899","2","1"
"human","13","4","142.209","3","1"
"human","14","1","32.35","2","1"
"human","14","2","111.326","3","1"
"human","14","4","201.561","4","1"
"human","15","1","27.5","2","1"
"human","15","2","105.458","3","1"
"human","15","3","176.601","4","1"
"human","15","4","285.141","5","1"
"human","16","1","7.983","2","1"
"human","16","2","78.469","3","2"
"human","16","4","162.871","4","3"
"human","17","1","18.117","2","1"
"human","17","1","39.016","3","2"
"human","17","3","138.643","4","1"
"human","17","3","171.236","5","2"
"human","18","1","10.2","2","1"
"human","18","2","87.788","3","2"
"human","18","3","149.741","4","3"
"human","18","4","248.833","5","1"
"human","19","1","13.267","2","1"
"human","19","2","77.819","3","2"
"human","19","3","178.95","4","3"
"human","19","4","295.155","5","1"
"human","20","1","10.7","2","1"
"human","20","2","81.836","3","1"
"human","20","3","137.044","4","1"
"human","21","1","5","2","1"
"human","21","3","66.683","3","1"
"human","22","1","32.9","2","1"
"human","22","2","129.229","3","1"
"human","22","3","198.712","4","1"
"human","23","1","20.7","2","1"
"human","23","2","100.09","3","1"
"human","23","4","203.344","4","1"
"human","25","1","19.683","2","1"
"human","25","2","111.076","3","1"
"human","25","3","173.718","4","1"
"human","26","1","41.766","2","1"
"human","26","1","87.254","3","1"
"human","26","2","164.037","4","1"
"human","26","4","281.775","5","1"
"human","27","1","13.867","2","1"
"human","27","4","162.771","3","2"
"human","28","1","11.383","2","1"
"human","28","2","64.816","3","2"
"human","28","3","153.557","4","3"
"human","28","4","221.39","5","1"
"human","29","1","18.4","2","1"
"human","29","2","74.585","3","2"
"human","29","4","178.484","4","3"
"human","30","2","39.3","2","1"
"human","30","4","141.593","3","2"
"human","31","1","19.817","2","1"
"human","31","2","86.821","3","2"
"human","31","3","154.606","4","3"
"human","31","4","259.214","5","1"
"human","32","1","16.017","2","1"
"human","32","2","52.133","3","1"
"human","32","3","112.676","4","1"
"human","33","2","52.883","2","1"
"human","33","3","107.125","3","1"
"human","34","1","48.683","2","1"
"human","34","2","198.346","3","1"
"human","34","3","334.812","4","1"
"human","35","1","29.533","2","1"
"human","36","1","42.633","2","1"
"human","36","2","89.388","3","1"
"human","36","4","186.099","4","1"
"human","37","1","10.167","2","1"
"human","37","1","31.366","3","2"
"human","37","3","167.886","4","1"
"human","37","4","223.639","5","2"
"human","38","1","28.833","2","1"
"human","38","2","99.674","3","1"
"human","38","3","186.365","4","1"
"human","39","1","13.033","2","1"
"human","39","2","118.661","3","1"
"human","39","4","226.072","4","1"
"human","40","1","8.7","2","1"
"human","40","2","70.867","3","1"
"human","40","3","159.522","4","1"
"human","40","4","258.831","5","1"
