"prof","seed","skill","upgOrder","patient","appetite","outcome","dayReached","upgQ","upgE","upgP","ptsLeft","plv","coinOutUpg","merchant","eUsed","bigz","petLvlMax","finalCoin"
"perfect","1",,,,,"to_be_continued","5","0","0","0","4","5",,"sell","12","350","6","5750"
"perfect","2",,,,,"to_be_continued","5","0","0","0","4","5",,"sell","12","375","6","5750"
"perfect","3",,,,,"to_be_continued","5","0","0","0","4","5",,"sell","12","375","6","5750"
"perfect","4",,,,,"to_be_continued","5","0","0","0","4","5",,"sell","12","400","6","5750"
"perfect","5",,,,,"to_be_continued","5","0","0","0","4","5",,"sell","12","425","6","5750"
"perfect","6",,,,,"to_be_continued","5","0","0","0","4","5",,"sell","12","225","6","5750"
"perfect","7",,,,,"to_be_continued","5","0","0","0","4","5",,"sell","12","575","6","5750"
"perfect","8",,,,,"to_be_continued","5","0","0","0","4","5",,"sell","12","375","6","5750"
"perfect","9",,,,,"to_be_continued","5","0","0","0","4","5",,"sell","12","375","6","5750"
"perfect","10",,,,,"to_be_continued","5","0","0","0","4","5",,"sell","12","675","6","5750"
"perfect","11",,,,,"to_be_continued","5","0","0","0","4","5",,"sell","12","500","6","5750"
"perfect","12",,,,,"to_be_continued","5","0","0","0","4","5",,"sell","12","175","6","5750"
"perfect","13",,,,,"to_be_continued","5","0","0","0","4","5",,"sell","12","625","6","5750"
"perfect","14",,,,,"to_be_continued","5","0","0","0","4","5",,"sell","12","675","6","5750"
"perfect","15",,,,,"to_be_continued","5","0","0","0","4","5",,"sell","12","250","6","5750"
"perfect","16",,,,,"to_be_continued","5","0","0","0","4","5",,"sell","12","575","6","5750"
"perfect","17",,,,,"to_be_continued","5","0","0","0","4","5",,"sell","12","425","6","5750"
"perfect","18",,,,,"to_be_continued","5","0","0","0","4","5",,"sell","12","225","6","5750"
"perfect","19",,,,,"to_be_continued","5","0","0","0","4","5",,"sell","12","375","6","5750"
"perfect","20",,,,,"to_be_continued","5","0","0","0","4","5",,"sell","12","200","6","5750"
"perfect","21",,,,,"to_be_continued","5","0","0","0","4","5",,"sell","12","325","6","5750"
"perfect","22",,,,,"to_be_continued","5","0","0","0","4","5",,"sell","12","225","6","5750"
"perfect","23",,,,,"to_be_continued","5","0","0","0","4","5",,"sell","12","375","6","5750"
"perfect","24",,,,,"to_be_continued","5","0","0","0","4","5",,"sell","12","825","6","5750"
"perfect","25",,,,,"to_be_continued","5","0","0","0","4","5",,"sell","12","200","6","5750"
"perfect","26",,,,,"to_be_continued","5","0","0","0","4","5",,"sell","12","200","6","5750"
"perfect","27",,,,,"to_be_continued","5","0","0","0","4","5",,"sell","12","150","6","5750"
"perfect","28",,,,,"to_be_continued","5","0","0","0","4","5",,"sell","12","450","6","5750"
"perfect","29",,,,,"to_be_continued","5","0","0","0","4","5",,"sell","12","375","6","5750"
"perfect","30",,,,,"to_be_continued","5","0","0","0","4","5",,"sell","12","375","6","5750"
"perfect","31",,,,,"to_be_continued","5","0","0","0","4","5",,"sell","12","425","6","5750"
"perfect","32",,,,,"to_be_continued","5","0","0","0","4","5",,"sell","12","500","6","5750"
"perfect","33",,,,,"to_be_continued","5","0","0","0","4","5",,"sell","12","325","6","5750"
"perfect","34",,,,,"to_be_continued","5","0","0","0","4","5",,"sell","12","450","6","5750"
"perfect","35",,,,,"to_be_continued","5","0","0","0","4","5",,"sell","12","225","6","5750"
"perfect","36",,,,,"to_be_continued","5","0","0","0","4","5",,"sell","12","650","6","5750"
"perfect","37",,,,,"to_be_continued","5","0","0","0","4","5",,"sell","12","425","6","5750"
"perfect","38",,,,,"to_be_continued","5","0","0","0","4","5",,"sell","12","250","6","5750"
"perfect","39",,,,,"to_be_continued","5","0","0","0","4","5",,"sell","12","425","6","5750"
"caring","1",,,,,"to_be_continued","5","0","0","0","4","5",,"sell","12","450","5","5750"
"perfect","40",,,,,"to_be_continued","5","0","0","0","4","5",,"sell","12","175","6","5750"
"caring","2",,,,,"to_be_continued","5","0","0","0","4","5",,"sell","12","510","5","5750"
"caring","3",,,,,"to_be_continued","5","0","0","0","4","5",,"sell","12","930","5","5750"
"caring","4",,,,,"to_be_continued","5","0","0","0","4","5",,"sell","12","540","5","5750"
"caring","5",,,,,"to_be_continued","5","0","0","0","4","5",,"sell","12","600","5","5750"
"caring","6",,,,,"to_be_continued","5","0","0","0","4","5",,"sell","12","420","5","5750"
"caring","7",,,,,"to_be_continued","5","0","0","0","4","5",,"sell","12","540","5","5750"
"caring","8",,,,,"to_be_continued","5","0","0","0","4","5",,"sell","12","510","5","5750"
"caring","9",,,,,"to_be_continued","5","0","0","0","4","5",,"sell","12","630","5","5750"
"caring","10",,,,,"to_be_continued","5","0","0","0","4","5",,"sell","12","1230","5","5750"
"caring","11",,,,,"to_be_continued","5","0","0","0","4","5",,"sell","12","810","5","5750"
"caring","12",,,,,"to_be_continued","5","0","0","0","4","5",,"sell","12","360","5","5750"
"caring","13",,,,,"to_be_continued","5","0","0","0","4","5",,"sell","12","900","5","5750"
"caring","14",,,,,"to_be_continued","5","0","0","0","4","5",,"sell","12","930","5","5750"
"caring","15",,,,,"to_be_continued","5","0","0","0","4","5",,"sell","12","420","5","5750"
"caring","16",,,,,"to_be_continued","5","0","0","0","4","5",,"sell","12","810","5","5750"
"caring","17",,,,,"to_be_continued","5","0","0","0","4","5",,"sell","12","840","5","5750"
"caring","18",,,,,"to_be_continued","5","0","0","0","4","5",,"sell","12","450","5","5750"
"caring","19",,,,,"to_be_continued","5","0","0","0","4","5",,"sell","12","570","5","5750"
"caring","20",,,,,"to_be_continued","5","0","0","0","4","5",,"sell","12","300","5","5750"
"caring","21",,,,,"to_be_continued","5","0","0","0","4","5",,"sell","12","540","5","5750"
"caring","22",,,,,"to_be_continued","5","0","0","0","4","5",,"sell","12","540","5","5750"
"caring","23",,,,,"to_be_continued","5","0","0","0","4","5",,"sell","12","720","5","5750"
"caring","24",,,,,"to_be_continued","5","0","0","0","4","5",,"sell","12","1170","5","5750"
"caring","25",,,,,"to_be_continued","5","0","0","0","4","5",,"sell","12","780","5","5750"
"caring","26",,,,,"to_be_continued","5","0","0","0","4","5",,"sell","12","1050","5","5750"
"caring","27",,,,,"to_be_continued","5","0","0","0","4","5",,"sell","12","420","5","5750"
"caring","28",,,,,"to_be_continued","5","0","0","0","4","5",,"sell","12","600","5","5750"
"caring","29",,,,,"to_be_continued","5","0","0","0","4","5",,"sell","12","750","5","5750"
"caring","30",,,,,"to_be_continued","5","0","0","0","4","5",,"sell","12","630","5","5750"
"caring","31",,,,,"to_be_continued","5","0","0","0","4","5",,"sell","12","570","5","5750"
"caring","32",,,,,"to_be_continued","5","0","0","0","4","5",,"sell","12","720","5","5750"
"caring","33",,,,,"to_be_continued","5","0","0","0","4","5",,"sell","12","480","5","5750"
"caring","34",,,,,"to_be_continued","5","0","0","0","4","5",,"sell","12","690","5","5750"
"caring","35",,,,,"to_be_continued","5","0","0","0","4","5",,"sell","12","540","5","5750"
"caring","36",,,,,"to_be_continued","5","0","0","0","4","5",,"sell","12","960","5","5750"
"caring","37",,,,,"to_be_continued","5","0","0","0","4","5",,"sell","12","870","5","5750"
"caring","38",,,,,"to_be_continued","5","0","0","0","4","5",,"sell","12","750","5","5750"
"caring","39",,,,,"to_be_continued","5","0","0","0","4","5",,"sell","12","660","5","5750"
"caring","40",,,,,"to_be_continued","5","0","0","0","4","5",,"sell","12","330","5","5750"
"sloppy","1",,,,,"game_over","2","0","0","0","1","2",,"n/a","3",,"1","250"
"sloppy","2",,,,,"to_be_continued","5","0","0","0","3","4",,"sell","12","60","3","5750"
"sloppy","3",,,,,"to_be_continued","5","0","0","0","3","4",,"sell","12","92","3","5750"
"sloppy","4",,,,,"to_be_continued","5","0","0","0","4","5",,"sell","12","204","4","5750"
"sloppy","5",,,,,"to_be_continued","5","0","0","0","3","4",,"sell","12","185","4","5750"
"sloppy","6",,,,,"to_be_continued","5","0","0","0","4","5",,"sell","12","76","4","5750"
"sloppy","7",,,,,"to_be_continued","5","0","0","0","3","4",,"sell","12","52","5","5750"
"sloppy","8",,,,,"to_be_continued","5","0","0","0","3","4",,"sell","12","76","4","5750"
"sloppy","10",,,,,"to_be_continued","5","0","0","0","3","4",,"sell","12","83","4","5750"
"sloppy","9",,,,,"game_over","2","0","0","0","1","2",,"n/a","3",,"2","250"
"sloppy","11",,,,,"to_be_continued","5","0","0","0","3","4",,"sell","12","38","4","5750"
"sloppy","12",,,,,"game_over","2","0","0","0","1","2",,"n/a","3",,"1","250"
"sloppy","13",,,,,"to_be_continued","5","0","0","0","3","4",,"sell","12","45","4","5750"
"sloppy","14",,,,,"to_be_continued","5","0","0","0","3","4",,"sell","12","26","4","5750"
"sloppy","15",,,,,"to_be_continued","5","0","0","0","3","4",,"sell","12","54","3","5750"
"sloppy","16",,,,,"to_be_continued","5","0","0","0","3","4",,"sell","12","71","2","5750"
"sloppy","17",,,,,"to_be_continued","5","0","0","0","3","4",,"sell","12","154","4","5750"
"sloppy","18",,,,,"to_be_continued","5","0","0","0","3","4",,"sell","12","97","4","5750"
"sloppy","19",,,,,"to_be_continued","5","0","0","0","3","4",,"sell","12","86","3","5750"
"sloppy","20",,,,,"to_be_continued","5","0","0","0","3","4",,"sell","12","22","3","5750"
"sloppy","21",,,,,"game_over","2","0","0","0","1","2",,"n/a","3",,"2","250"
"sloppy","22",,,,,"to_be_continued","5","0","0","0","3","4",,"sell","12","38","4","5750"
"sloppy","23",,,,,"to_be_continued","5","0","0","0","3","4",,"sell","12","76","3","5750"
"sloppy","24",,,,,"game_over","2","0","0","0","1","2",,"n/a","3",,"2","250"
"sloppy","25",,,,,"game_over","2","0","0","0","1","2",,"n/a","3",,"1","250"
"sloppy","26",,,,,"game_over","2","0","0","0","1","2",,"n/a","3",,"1","250"
"sloppy","27",,,,,"to_be_continued","5","0","0","0","3","4",,"sell","12","19","4","5750"
"sloppy","28",,,,,"to_be_continued","5","0","0","0","4","5",,"sell","12","38","3","5750"
"sloppy","29",,,,,"to_be_continued","5","0","0","0","3","4",,"sell","12","70","3","5750"
"sloppy","30",,,,,"to_be_continued","5","0","0","0","4","5",,"sell","12",,"4","5750"
"sloppy","31",,,,,"to_be_continued","5","0","0","0","3","4",,"sell","12","19","4","5750"
"sloppy","32",,,,,"to_be_continued","5","0","0","0","3","4",,"sell","12","147","4","5750"
"sloppy","33",,,,,"to_be_continued","5","0","0","0","3","4",,"sell","12","109","4","5750"
"sloppy","34",,,,,"to_be_continued","5","0","0","0","4","5",,"sell","12","60","5","5750"
"sloppy","35",,,,,"to_be_continued","5","0","0","0","3","4",,"sell","12","54","3","5750"
"sloppy","36",,,,,"to_be_continued","5","0","0","0","3","4",,"sell","12","128","4","5750"
"sloppy","37",,,,,"game_over","2","0","0","0","1","2",,"n/a","3",,"1","250"
"sloppy","38",,,,,"game_over","2","0","0","0","1","2",,"n/a","3",,"2","250"
"sloppy","39",,,,,"to_be_continued","5","0","0","0","4","5",,"sell","12","71","4","5750"
"sloppy","40",,,,,"game_over","2","0","0","0","1","2",,"n/a","3",,"1","250"
"upgrade-first","1",,,,,"to_be_continued","5","3","0","0","1","5","300","refuse","14","980","7","367"
"upgrade-first","2",,,,,"to_be_continued","5","3","0","0","1","5","300","refuse","14","1121","6","367"
"upgrade-first","3",,,,,"to_be_continued","5","3","0","0","1","5","300","refuse","14","900","7","367"
"upgrade-first","4",,,,,"to_be_continued","5","3","0","0","1","5","300","refuse","14","1304","7","367"
"upgrade-first","5",,,,,"to_be_continued","5","3","0","0","1","5","300","refuse","14","1376","7","367"
"upgrade-first","6",,,,,"to_be_continued","5","3","0","0","1","5","300","refuse","14","880","7","367"
"upgrade-first","7",,,,,"to_be_continued","5","3","0","0","1","5","300","refuse","14","1280","7","367"
"upgrade-first","8",,,,,"to_be_continued","5","3","0","0","1","5","300","refuse","14","1504","7","367"
"upgrade-first","9",,,,,"to_be_continued","5","3","0","0","1","5","300","refuse","14","1568","7","367"
"upgrade-first","10",,,,,"to_be_continued","5","3","0","0","1","5","300","refuse","14","2304","7","367"
"upgrade-first","11",,,,,"to_be_continued","5","3","0","0","1","5","300","refuse","14","976","7","367"
"upgrade-first","12",,,,,"to_be_continued","5","3","0","0","1","5","300","refuse","14","688","7","367"
"upgrade-first","13",,,,,"to_be_continued","5","3","0","0","1","5","300","refuse","14","1720","7","367"
"upgrade-first","14",,,,,"to_be_continued","5","3","0","0","1","5","300","refuse","14","1872","7","367"
"upgrade-first","15",,,,,"to_be_continued","5","3","0","0","1","5","300","refuse","14","1376","7","367"
"upgrade-first","16",,,,,"to_be_continued","5","3","0","0","1","5","300","refuse","14","1168","7","367"
"upgrade-first","17",,,,,"to_be_continued","5","3","0","0","1","5","300","refuse","14","1147","6","367"
"upgrade-first","18",,,,,"to_be_continued","5","3","0","0","1","5","300","refuse","14","2024","7","367"
"upgrade-first","19",,,,,"to_be_continued","5","3","0","0","1","5","300","refuse","14","1848","7","367"
"upgrade-first","20",,,,,"to_be_continued","5","3","0","0","1","5","300","refuse","14","672","7","367"
"upgrade-first","21",,,,,"to_be_continued","5","3","0","0","1","5","300","refuse","14","1424","7","367"
"upgrade-first","22",,,,,"to_be_continued","5","3","0","0","1","5","300","refuse","14","900","7","367"
"upgrade-first","23",,,,,"to_be_continued","5","3","0","0","1","5","300","refuse","14","640","7","367"
"upgrade-first","24",,,,,"to_be_continued","5","3","0","0","1","5","300","refuse","14","1088","7","367"
"upgrade-first","25",,,,,"to_be_continued","5","3","0","0","1","5","300","refuse","14","1260","7","367"
"upgrade-first","26",,,,,"to_be_continued","5","3","0","0","1","5","300","refuse","14","928","7","367"
"upgrade-first","27",,,,,"to_be_continued","5","3","0","0","1","5","300","refuse","14","1664","7","367"
"upgrade-first","28",,,,,"to_be_continued","5","3","0","0","1","5","300","refuse","14","1820","7","367"
"upgrade-first","29",,,,,"to_be_continued","5","3","0","0","1","5","300","refuse","14","1112","7","367"
"upgrade-first","30",,,,,"to_be_continued","5","3","0","0","1","5","300","refuse","14","976","7","367"
"upgrade-first","31",,,,,"to_be_continued","5","3","0","0","1","5","300","refuse","14","900","7","367"
"upgrade-first","32",,,,,"to_be_continued","5","3","0","0","1","5","300","refuse","14","764","7","367"
"upgrade-first","33",,,,,"to_be_continued","5","3","0","0","1","5","300","refuse","14","2956","7","367"
"upgrade-first","34",,,,,"to_be_continued","5","3","0","0","1","5","300","refuse","14","1984","7","367"
"upgrade-first","35",,,,,"to_be_continued","5","3","0","0","1","5","300","refuse","14","836","7","367"
"upgrade-first","36",,,,,"to_be_continued","5","3","0","0","1","5","300","refuse","14","1620","7","367"
"upgrade-first","37",,,,,"to_be_continued","5","3","0","0","1","5","300","refuse","14","660","7","367"
"upgrade-first","38",,,,,"to_be_continued","5","3","0","0","1","5","300","refuse","14","840","7","367"
"upgrade-first","39",,,,,"to_be_continued","5","3","0","0","1","5","300","refuse","14","2372","7","367"
"upgrade-first","40",,,,,"to_be_continued","5","3","0","0","1","5","300","refuse","14","1756","6","367"
"human","1","0.7184120168063846","QTE>Progress>Energy","False","0.36839099597110925","to_be_continued","5","2","0","0","0","3","200","refuse","6","95","1","285"
"human","2","0.7547403879718577","QTE>Energy>Progress","False","0.6269481334960778","to_be_continued","5","3","0","0","0","4","300","refuse","10","165","2","185"
"human","3","0.791068759137331","Energy>Progress>QTE","False","0.8043065573108878","to_be_continued","5","3","0","0","0","4","300","refuse","10","100","2","367"
"human","4","0.8273971303028043","Energy>Progress>QTE","False","0.4839568584849857","to_be_continued","5","2","0","0","0","3","200","refuse","4","97","1","307"
"human","5","0.8637255014682774","Energy>QTE>Progress","True","0.759023404940508","to_be_continued","5","0","1","0","1","5","150","refuse","12","250","3","560"
"human","6","0.9000538726337506","QTE>Progress>Energy","True","0.9363818287553181","to_be_continued","5","3","0","0","1","5","300","sell","12","260","5","5450"
"human","7","0.9363822437992237","Progress>Energy>QTE","True","0.24952272099886214","to_be_continued","5","0","0","1","1","4","20","refuse","6","684","3","672"
"human","8","0.9727106149646969","Progress>QTE>Energy","True","0.8910986763849382","to_be_continued","5","0","0","2","0","5","40","refuse","12","137","1","510"
"human","9","0.5590389861301701","Energy>Progress>QTE","True","0.6684571001997484","to_be_continued","5","0","1","0","0","4","150","refuse","11","98","3","342"
"human","10","0.5953673572956433","Progress>QTE>Energy","True","0.36508858351273865","to_be_continued","5","0","0","1","0","3","20","refuse","6","116","4","465"
"human","11","0.6316957284611164","QTE>Energy>Progress","False","0.6231739478293685","to_be_continued","5","3","0","0","0","4","300","sell","8","154","2","5450"
"human","12","0.6680240996265897","Energy>Progress>QTE","False","0.8005323716441786","to_be_continued","5","3","0","0","0","4","300","refuse","10","137","1","367"
"human","13","0.7043524707920629","Energy>QTE>Progress","False","0.480654446026615","to_be_continued","5","2","0","0","0","3","200","refuse","4","59","1","325"
"human","14","0.740680841957536","Energy>Progress>QTE","False","0.7552492192737987","to_be_continued","5","3","0","0","0","4","300","sell","8","227","4","5450"
"human","15","0.7770092131230092","Energy>QTE>Progress","False","0.9326076430886088","to_be_continued","5","3","0","0","1","5","300","refuse","12","115","1","225"
"human","16","0.8133375842884825","Energy>QTE>Progress","True","0.7099660669034189","to_be_continued","5","0","1","0","0","4","150","refuse","9","147","2","382"
"human","17","0.8496659554539556","Progress>QTE>Energy","True","0.8873244907182289","to_be_continued","5","0","0","2","0","5","40","refuse","14","1100","5","452"
"human","18","0.8859943266194288","Energy>Progress>QTE","True","0.6646829145330391","to_be_continued","5","0","1","0","1","5","150","refuse","12","251","2","560"
"human","19","0.922322697784902","Energy>QTE>Progress","True","0.8420413383478491","to_be_continued","5","0","1","0","1","5","150","refuse","15","30","1","317"
"human","20","0.9586510689503751","QTE>Energy>Progress","True","0.6193997621626592","to_be_continued","5","3","0","0","0","4","300","refuse","10","180","1","410"
"human","21","0.9949794401158483","QTE>Progress>Energy","False","0.3221634127302856","to_be_continued","5","2","0","0","0","3","200","refuse","6","554","3","267"
"human","22","0.5813078112813215","Energy>QTE>Progress","False","0.9741166097922793","to_be_continued","5","3","0","0","0","4","300","sell","12","48","3","5450"
"human","23","0.6176361824467947","Energy>QTE>Progress","False","0.7514750336070894","to_be_continued","5","3","0","0","0","4","300","refuse","8","127","1","250"
"human","24","0.6539645536122679","QTE>Energy>Progress","False","0.43772927524416205","game_over","2","0","0","0","0","1",,"n/a","1",,"1","250"
"human","25","0.6902929247777411","QTE>Energy>Progress","False","0.7061918812367096","to_be_continued","5","3","0","0","0","4","300","refuse","10","267","3","385"
"human","26","0.7266212959432143","QTE>Progress>Energy","True","0.8835503050515197","to_be_continued","5","3","0","0","1","5","300","refuse","12","774","4","232"
"human","27","0.7629496671086875","Energy>Progress>QTE","True","0.20329513775803854","to_be_continued","5","0","0","0","2","3",,"sell","4","130","1","5750"
"human","28","0.7992780382741607","Energy>Progress>QTE","True","0.8382671526811398","to_be_continued","5","0","1","0","1","5","150","refuse","13","352","3","400"
"human","29","0.8356064094396338","Energy>QTE>Progress","True","0.6156255764959498","to_be_continued","5","0","1","0","0","4","150","refuse","9","85","2","382"
"human","30","0.871934780605107","Energy>QTE>Progress","True","0.318861000271915","to_be_continued","5","0","0","0","2","3",,"refuse","4","135","1","507"
"human","31","0.9082631517705803","Energy>QTE>Progress","True","0.97034242412557","to_be_continued","5","0","1","0","1","5","150","sell","14","274","3","5600"
"human","32","0.9445915229360534","Progress>QTE>Energy","False","0.7477008479403802","to_be_continued","5","3","0","0","0","4","300","refuse","10","134","3","192"
"human","33","0.9809198941015267","Progress>Energy>QTE","False","0.43442686278579146","to_be_continued","5","2","0","0","0","3","200","refuse","6","318","1","467"
"human","34","0.5672482652669998","Energy>Progress>QTE","False","0.7024176955700003","to_be_continued","5","3","0","0","0","4","300","refuse","10","170","1","367"
"human","35","0.603576636432473","QTE>Progress>Energy","False","0.8797761193848104","game_over","2","1","0","0","0","2","100","n/a","3",,"1","150"
"human","36","0.6399050075979461","QTE>Progress>Energy","False","0.6571345431996204","to_be_continued","5","3","0","0","0","4","300","refuse","8","146","2","225"
"human","37","0.6762333787634194","Progress>QTE>Energy","True","0.8344929670144305","to_be_continued","5","0","0","2","0","5","40","sell","12","202","5","5710"
"human","38","0.7125617499288925","QTE>Energy>Progress","True","0.6118513908292406","to_be_continued","5","3","0","0","0","4","300","refuse","10","164","2","367"
"human","39","0.7488901210943657","QTE>Progress>Energy","True","0.7892098146440507","to_be_continued","5","3","0","0","0","4","300","sell","8","114","2","5450"
"human","40","0.7852184922598389","QTE>Energy>Progress","True","0.9665682384588608","to_be_continued","5","3","0","0","1","5","300","refuse","14","393","4","192"
