"prof","seed","day","item","price"
"upgrade-first","1","3","Sea Tea","18"
"upgrade-first","1","3","Caffeine Tonic","40"
"upgrade-first","1","3","Crab Apple","25"
"upgrade-first","2","3","Sea Tea","18"
"upgrade-first","2","3","Caffeine Tonic","40"
"upgrade-first","2","3","Crab Apple","25"
"upgrade-first","3","3","Sea Tea","18"
"upgrade-first","3","3","Caffeine Tonic","40"
"upgrade-first","3","3","Crab Apple","25"
"upgrade-first","4","3","Sea Tea","18"
"upgrade-first","4","3","Caffeine Tonic","40"
"upgrade-first","4","3","Crab Apple","25"
"upgrade-first","5","3","Sea Tea","18"
"upgrade-first","5","3","Caffeine Tonic","40"
"upgrade-first","5","3","Crab Apple","25"
"upgrade-first","6","3","Sea Tea","18"
"upgrade-first","6","3","Caffeine Tonic","40"
"upgrade-first","6","3","Crab Apple","25"
"upgrade-first","7","3","Sea Tea","18"
"upgrade-first","7","3","Caffeine Tonic","40"
"upgrade-first","7","3","Crab Apple","25"
"upgrade-first","8","3","Sea Tea","18"
"upgrade-first","8","3","Caffeine Tonic","40"
"upgrade-first","8","3","Crab Apple","25"
"upgrade-first","9","3","Sea Tea","18"
"upgrade-first","9","3","Caffeine Tonic","40"
"upgrade-first","9","3","Crab Apple","25"
"upgrade-first","10","3","Sea Tea","18"
"upgrade-first","10","3","Caffeine Tonic","40"
"upgrade-first","10","3","Crab Apple","25"
"upgrade-first","11","3","Sea Tea","18"
"upgrade-first","11","3","Caffeine Tonic","40"
"upgrade-first","11","3","Crab Apple","25"
"upgrade-first","12","3","Sea Tea","18"
"upgrade-first","12","3","Caffeine Tonic","40"
"upgrade-first","12","3","Crab Apple","25"
"upgrade-first","13","3","Sea Tea","18"
"upgrade-first","13","3","Caffeine Tonic","40"
"upgrade-first","13","3","Crab Apple","25"
"upgrade-first","14","3","Sea Tea","18"
"upgrade-first","14","3","Caffeine Tonic","40"
"upgrade-first","14","3","Crab Apple","25"
"upgrade-first","15","3","Sea Tea","18"
"upgrade-first","15","3","Caffeine Tonic","40"
"upgrade-first","15","3","Crab Apple","25"
"upgrade-first","16","3","Sea Tea","18"
"upgrade-first","16","3","Caffeine Tonic","40"
"upgrade-first","16","3","Crab Apple","25"
"upgrade-first","17","3","Sea Tea","18"
"upgrade-first","17","3","Caffeine Tonic","40"
"upgrade-first","17","3","Crab Apple","25"
"upgrade-first","18","3","Sea Tea","18"
"upgrade-first","18","3","Caffeine Tonic","40"
"upgrade-first","18","3","Crab Apple","25"
"upgrade-first","19","3","Sea Tea","18"
"upgrade-first","19","3","Caffeine Tonic","40"
"upgrade-first","19","3","Crab Apple","25"
"upgrade-first","20","3","Sea Tea","18"
"upgrade-first","20","3","Caffeine Tonic","40"
"upgrade-first","20","3","Crab Apple","25"
"upgrade-first","21","3","Sea Tea","18"
"upgrade-first","21","3","Caffeine Tonic","40"
"upgrade-first","21","3","Crab Apple","25"
"upgrade-first","22","3","Sea Tea","18"
"upgrade-first","22","3","Caffeine Tonic","40"
"upgrade-first","22","3","Crab Apple","25"
"upgrade-first","23","3","Sea Tea","18"
"upgrade-first","23","3","Caffeine Tonic","40"
"upgrade-first","23","3","Crab Apple","25"
"upgrade-first","24","3","Sea Tea","18"
"upgrade-first","24","3","Caffeine Tonic","40"
"upgrade-first","24","3","Crab Apple","25"
"upgrade-first","25","3","Sea Tea","18"
"upgrade-first","25","3","Caffeine Tonic","40"
"upgrade-first","25","3","Crab Apple","25"
"upgrade-first","26","3","Sea Tea","18"
"upgrade-first","26","3","Caffeine Tonic","40"
"upgrade-first","26","3","Crab Apple","25"
"upgrade-first","27","3","Sea Tea","18"
"upgrade-first","27","3","Caffeine Tonic","40"
"upgrade-first","27","3","Crab Apple","25"
"upgrade-first","28","3","Sea Tea","18"
"upgrade-first","28","3","Caffeine Tonic","40"
"upgrade-first","28","3","Crab Apple","25"
"upgrade-first","29","3","Sea Tea","18"
"upgrade-first","29","3","Caffeine Tonic","40"
"upgrade-first","29","3","Crab Apple","25"
"upgrade-first","30","3","Sea Tea","18"
"upgrade-first","30","3","Caffeine Tonic","40"
"upgrade-first","30","3","Crab Apple","25"
"upgrade-first","31","3","Sea Tea","18"
"upgrade-first","31","3","Caffeine Tonic","40"
"upgrade-first","31","3","Crab Apple","25"
"upgrade-first","32","3","Sea Tea","18"
"upgrade-first","32","3","Caffeine Tonic","40"
"upgrade-first","32","3","Crab Apple","25"
"upgrade-first","33","3","Sea Tea","18"
"upgrade-first","33","3","Caffeine Tonic","40"
"upgrade-first","33","3","Crab Apple","25"
"upgrade-first","34","3","Sea Tea","18"
"upgrade-first","34","3","Caffeine Tonic","40"
"upgrade-first","34","3","Crab Apple","25"
"upgrade-first","35","3","Sea Tea","18"
"upgrade-first","35","3","Caffeine Tonic","40"
"upgrade-first","35","3","Crab Apple","25"
"upgrade-first","36","3","Sea Tea","18"
"upgrade-first","36","3","Caffeine Tonic","40"
"upgrade-first","36","3","Crab Apple","25"
"upgrade-first","37","3","Sea Tea","18"
"upgrade-first","37","3","Caffeine Tonic","40"
"upgrade-first","37","3","Crab Apple","25"
"upgrade-first","38","3","Sea Tea","18"
"upgrade-first","38","3","Caffeine Tonic","40"
"upgrade-first","38","3","Crab Apple","25"
"upgrade-first","39","3","Sea Tea","18"
"upgrade-first","39","3","Caffeine Tonic","40"
"upgrade-first","39","3","Crab Apple","25"
"upgrade-first","40","3","Sea Tea","18"
"upgrade-first","40","3","Caffeine Tonic","40"
"upgrade-first","40","3","Crab Apple","25"
"human","1","3","Caffeine Tonic","40"
"human","1","3","Crab Apple","25"
"human","2","3","Caffeine Tonic","40"
"human","2","3","Crab Apple","25"
"human","3","3","Sea Tea","18"
"human","3","3","Caffeine Tonic","40"
"human","3","3","Crab Apple","25"
"human","4","3","Sea Tea","18"
"human","4","3","Crab Apple","25"
"human","5","3","Caffeine Tonic","40"
"human","7","3","Sea Tea","18"
"human","7","3","Caffeine Tonic","40"
"human","9","3","Sea Tea","18"
"human","9","3","Caffeine Tonic","40"
"human","10","3","Caffeine Tonic","40"
"human","10","3","Crab Apple","25"
"human","12","3","Sea Tea","18"
"human","12","3","Caffeine Tonic","40"
"human","12","3","Crab Apple","25"
"human","13","3","Crab Apple","25"
"human","15","3","Crab Apple","25"
"human","16","3","Sea Tea","18"
"human","17","3","Sea Tea","18"
"human","17","3","Caffeine Tonic","40"
"human","18","3","Caffeine Tonic","40"
"human","19","3","Sea Tea","18"
"human","19","3","Caffeine Tonic","40"
"human","19","3","Crab Apple","25"
"human","20","3","Caffeine Tonic","40"
"human","21","3","Sea Tea","18"
"human","21","3","Caffeine Tonic","40"
"human","21","3","Crab Apple","25"
"human","25","3","Caffeine Tonic","40"
"human","25","3","Crab Apple","25"
"human","26","3","Sea Tea","18"
"human","29","3","Sea Tea","18"
"human","30","3","Sea Tea","18"
"human","30","3","Crab Apple","25"
"human","32","3","Sea Tea","18"
"human","32","3","Caffeine Tonic","40"
"human","33","3","Sea Tea","18"
"human","33","3","Caffeine Tonic","40"
"human","33","3","Crab Apple","25"
"human","34","3","Sea Tea","18"
"human","34","3","Caffeine Tonic","40"
"human","34","3","Crab Apple","25"
"human","36","3","Crab Apple","25"
"human","38","3","Sea Tea","18"
"human","38","3","Caffeine Tonic","40"
"human","38","3","Crab Apple","25"
"human","40","3","Sea Tea","18"
"human","40","3","Caffeine Tonic","40"
